,counts,coupon_name
0,82946,-
1,11168,[WELCOME] 프로그래밍 3만원할인
2,3192,[20% 할인] 입문자를 위한 풀스택 웹 개발 Kit : 기획부터 프로젝트까지 기수강자 대상
3,3187,[WELCOME] 디자인 3만원할인
4,2305,[20% 할인 쿠폰] [한 번에 끝내는 AWS 기반 아키텍처 설계와 DevOps 초격차 패키지] 특별 할인 쿠폰
5,1945,[100% 쿠폰] 디마즈 1기 강의 100% 수강권
6,1728,[데이터 기획전] 데이터 공부라도 할걸 그랬어 6만원 할인
7,1651,[WELCOME] 데이터사이언스 3만원할인
8,1584,[WELCOME] 업무생산성 3만원할인
9,1490,[WELCOME] 부동산/금융 3만원할인
10,1407,[WELCOME] 영상/3D 3만원할인
11,1387,[WELCOME] The RED 3만원할인
12,1383,"[120,000원 할인 쿠폰] [한 번에 끝내는 AWS 기반 아키텍처 설계와 DevOps 초격차 패키지] 특별 할인 쿠폰"
13,1353,패스트캠퍼스 50% 할인 쿠폰(사용기한 : ~23년 01월 07일)
14,1345,[2만원 할인] 랜선사수 피도리와 함께하는 생존 PPT 마스터
15,1237,[20% 할인] 한 번에 끝내는 Java/Spring 웹 개발 Essential 20% 할인쿠폰
16,1223,[무료수강권] 후와리의 스토리가 느껴지는 라이트 노벨 일러스트
17,1213,[50% 할인]  35개 프로젝트로 배우는 Android 앱 개발 feat. Jetpack Compose 초격차 패키지 Online.
18,1203,[30개글감으로에세이작가되기 출판 수강생 전용]글쓰기 카테고리 the red 수강권
19,1173,[VIP] 온라인 강의 5만원 할인 쿠폰
20,1108,[실패를삽니다] 온라인 강의 30% 즉시할인 쿠폰
21,1106,서비스 기획 초격차 패키지_오픈지연 프로그래밍 3만원 보상 할인 쿠폰
22,1014,[WELCOME] 마케팅 3만원할인
23,1013,패스트캠퍼스 50% 할인 쿠폰(사용기한 : ~22년 12월 31일)
24,980,[WELCOME] 부업/창업 3만원할인
25,943,[무료수강권] Solana&Rust 블록체인 개발 아카데미 Lv.1
26,764,[10만 원 할인] 입문자를 위한 풀스택 웹 개발 Kit : 기획부터 프로젝트까지 기수강자 대상
27,747,[무료 업그레이드] 디지털 마케팅 초격차 시그니처 플러스 무료 업그레이드 쿠폰
28,722,[15% 할인쿠폰] 일잘러 필수 스킬 모음.zip
29,654,2022 Winter Internship coupon
30,582,[20% 할인] 초격차 패키지 : 21개 프로젝트로 완성하는 인터랙티브 웹 개발 with Three.js & Canvas
31,568,[50% 할인] 입문자를 위한 풀스택 웹 개발 Kit : 기획부터 프로젝트까지 기수강자 대상
32,544,[20% 할인]올인원 패키지 : 랜선사수 피도리와 함께하는 생존 PPT 마스터
33,490,[네오아카데미 수강생 대상] 후와리의 라이트 노벨 클래스 50% 할인 쿠폰
34,481,AWS 정주행 Kit 강의 전용
35,475,[20% 할인] 올인원 패키지 : 혁펜하임의 AI DEEP DIVE (Online.)
37,391,[4만원 할인 쿠폰] 초격차 패키지: 36개의 프로젝트로 완성하는 M&A 할인 쿠폰 (~12/31 23:59)
38,386,[할인 쿠폰] 코딩 18 : 웹 개발 왕초보 2기 리워드 할인 쿠폰
39,358,[20% 할인] 올인원 패키지 : 랜선사수 피도리와 함께하는 생존 PPT 마스터
40,335,[20% 할인]  35개 프로젝트로 배우는 Android 앱 개발 feat. Jetpack Compose 초격차 패키지 Online.
41,334,[3만원 할인] 런칭 기념! 빵형 구독자분들에게만 드리는 특별 쿠폰
42,319,[마스터클래스 전체 오픈 기념 할인쿠폰] 편집여 아카데미 제 1강 3만 원 할인 쿠폰
44,291,패캐머_온라인 쿠폰!
45,275,[증정] 1+1 이벤트! 네오아카데미 강의 할인 쿠폰 (12.30 23:59까지 사용 가능) 
46,271,[마스터클래스 전체 오픈 기념 할인쿠폰] 편집여 아카데미 제 4강 3만 원 할인 쿠폰
47,266,[예외적 재발급] [VIP] 온라인 강의 5만원 할인 쿠폰
48,252,패스트캠퍼스 50% 할인 쿠폰
49,241,[무료수강권]올인원 패키지 : 랜선사수 피도리와 함께하는 생존 PPT 마스터
50,236,"[30,000원 할인쿠폰] 프로그래밍 강의 3만원 할인쿠폰"
51,234,[무료수강권] 오카즈의 판타지 세계관 게임 캐릭터 디자인 
52,230,패캐머_온라인 쿠폰 !
53,217,[알림 신청자 대상] 디지털 마케팅 초격차 시그니처 플러스 무료 업그레이드 쿠폰
55,212,[UX Explorer 2022] UXUI 무료수강권
56,212,[트위터 팔로워 대상] 후와리 온라인 클래스 15% 할인 쿠폰
57,208,[네오아카데미 수강생 대상] 오카즈의 게임 캐릭터 클래스 50% 할인 쿠폰
58,206,[VIP] 온라인 강의 50% 쿠폰
59,204,(재발급)[WELCOME] The RED 3만원할인
60,203,[마스터클래스 전체 오픈 기념 할인쿠폰] 편집여 아카데미 제 5강 3만 원 할인 쿠폰
62,191,[20% 할인] 네오아카데미 오카즈의 판타지 세계관 게임 캐릭터 디자인 할인 쿠폰
63,190,[20% 할인] 네오아카데미 후와리의 스토리가 느껴지는 라이트 노벨 일러스트 할인 쿠폰
64,189,[무료수강권] 파이썬으로 할 수 있는 모든 것 초격차 패키지 Online. 무료수강권
68,171,[100억을 움직이는 50가지 PPT 디자인 원칙] 30% 할인 쿠폰
69,171,[무료 수강권] 딥러너를 위한 오프라인 네트워킹 데이 커뮤니티 방장 혜택
71,170,인플루언서 무료수강권_시그니처 프론트엔드 웹 개발
72,168,인플루언서 무료수강권_파이썬으로 할 수 있는 모든 것 with. 47개 프로젝트
73,166,[무료수강권] 한 번에 끝내는 데이터 분석
74,163,[일러스트아카데미 이벤트] 오카즈 강의 무료수강권 당첨!
75,159, 패캐머_온라인 쿠폰
76,158,[마스터클래스 전체 오픈 기념 할인쿠폰] 편집여 아카데미 제 3강 3만 원 할인 쿠폰
77,155,[20% 할인 쿠폰] 프로그래밍 카테고리 온라인_프론트엔드 시그니처 만족도 조사 
78,154,"[크리스마스 깜짝쿠폰] 온라인 강의 30,000원 즉시할인"
79,150,"[크리스마스 깜짝쿠폰] 온라인 강의 50,000원 즉시할인"
80,147,2022 데이터 6만원 쿠폰
81,147,"[크리스마스 깜짝쿠폰] 온라인 강의 20,000원 즉시할인"
85,136,[분할결제1]올인원 패키지 : 리눅스 실전 정복
86,127,[분할결제2]올인원 패키지 : 리눅스 실전 정복
87,117,[체인의정석 blog] 초격차 패키지 : Solidity로 시작하는 이더리움(EVM) 기반 블록체인 개발  A to Z 30% 할인 쿠폰
88,117,패캐머_온라인(RED) 쿠폰 !
89,116,[20% 할인 쿠폰] 프로그래밍 카테고리 온라인_개발자 취업 합격패스 만족도 조사
91,115,편집하는여자의 영상편집 마스터클래스 - 제 6강 다양한 효과를 응용하여 애프터이펙트 마스터 4만원 할인 쿠폰
93,112,"[분할결제2]초격차 패키지: GA4 탑재, 2023년 구글 애널리틱스 완전 정복"
94,112,"[분할결제1]초격차 패키지: GA4 탑재, 2023년 구글 애널리틱스 완전 정복"
95,110,[예외재발급] [WELCOME] 프로그래밍 3만원할인
96,109,The Red 김영욱 10% 할인
98,108,"초단기 완성_프론트엔드 초격차 학습 지원 50,000원 쿠폰"
99,106,[무료수강권] 딥러닝·인공지능 Signature
100,106,[15% 할인] D-Day 참여 감사 쿠폰 : 프로그래밍 강의 15% 할인 쿠폰
101,103,[재결제쿠폰]한번에 끝내는 Java/Spring 웹 개발 마스터 초격차 패키지 Online.
102,103,[무료수강권] 허들러스 유성민 강사 컨설팅 등록자 증정 쿠폰
104,99,[네오아카데미 카페 회원 대상] 패캠 X 네오 온라인 클래스 3만 원 할인 쿠폰
105,99,[20% 할인] 올인원 패키지 : 세계 3등에게 배우는 실무 밀착 데이터 시각화
106,99,[2만원 할인] CLASS : 폭발적 성과를 내는 콘텐츠 제작 바이블
107,97,[30%] 마케팅 BEST 강의 즉시할인 쿠폰
108,97,"[5만원 할인 쿠폰] star741 X Mangie 차원이 다른 캐주얼 캐릭터: 2D에서 3D로, 블렌더 모델링 (~12/18 23:59)"
109,94,[제 2의 월급을 만들어주는 직장인 스몰비즈니스 가이드] 30% 할인 쿠폰
110,94,[100억을 움직이는 단 10장의 PPT] 30% 할인 쿠폰
111,91,[무료수강권] D-Day 참여 감사 쿠폰 : 프로그래밍 강의 무료수강권
112,90,[블로그 이벤트] 한 번에 끝내는 프론트엔드 초격차 20% 할인쿠폰
113,90,[규정외 재발급][WELCOME] 프로그래밍 3만원할인
114,89,[30%] 부업/창업 BEST 강의 즉시할인 쿠폰
115,89,[마스터클래스 전체 오픈 기념 할인쿠폰] 편집여 아카데미 제 2강 3만 원 할인 쿠폰
116,87,2022 자기계발 어워즈 무료수강권
117,87,"[분할결제]The RED : 검색엔진 구축을 위한 Elasticsearch 마스터 클래스_160,000원 결제"
118,84,[재결제쿠폰]올인원 패키지 : 디벨로퍼에게 배우는 토지 개발 실무 Master
119,83,[무료수강권] 한 번에 끝내는 데이터 분석 초격차 패키지
120,82,[P&P 회원 할인] 파이낸셜 모델링 강의 15% 할인 쿠폰
121,82,[30% 할인 쿠폰] 미스테리아 구독자를 위한 서미애 작가의 미스터리 장르 소설 창작법 할인 쿠폰
122,79,[패스트캠퍼스 제 1회 크리에이티브 어워즈] 참가상 3만원 할인 쿠폰
124,79,[20% 할인] 한 번에 끝내는 퍼블릭 클라우드 데이터 파이프라인 구축
125,75,[3만원 할인쿠폰] 안심팩토리의 3D 캐릭터를 가장 쉽게 만드는 법: 아이패드 모델링(~12/31 23:59)
126,75,"[분할결제] 2. 초격차 패키지 : 한 번에 끝내는 부동산 금융(PF) 실무_73,900원 결제 용"
127,73,"[분할결제] 1. 초격차 패키지 : 한 번에 끝내는 부동산 금융(PF) 실무_425,100원 결제 용"
128,70,사이드프로젝트 (오아리 강사님) 50% 할인쿠폰
130,65,[증정] 온라인강의 결제 금액과 동일한 100% 페이백 쿠폰
131,64,[규정외 재발급][증정] 온라인강의 결제 금액과 동일한 100% 페이백 쿠폰
132,64,[증정] 온라인강의 결제 금액과 동일한 100% 페이백 쿠폰	
133,64,[재발급][무료수강권] 이병률 작가의 나 자신과 여행하는 에세이 창작법(~12/4 23:59)
135,63,[무료수강권] AOP 수강권_이동근 PD님
137,63,[규정외재발급][증정] 온라인강의 결제 금액과 동일한 100% 페이백 쿠폰
151,50,[프로모션] 11월 1+1 쿠폰 이벤트
152,50,[규정외발급][증정] 온라인강의 결제 금액과 동일한 100% 페이백 쿠폰
154,49,[규정외 재발급][프로모션] 11월 1+1 쿠폰 이벤트
155,49,[6시간 쿠폰] 온라인 강의 30% 할인권(~12/11)
156,48,[20% 할인 쿠폰] 매력적인 모델링과 감각적인 렌더링으로 배우는 캐릭터 TD의 블렌더 테크닉 할인 쿠폰 (~12/11 23:59)
157,47,[30% 할인 쿠폰] [글로벌 DeFi 팀과 DeFi Deep Dive] 특별 할인 쿠폰
158,47,[15% 할인 쿠폰] [글로벌 DeFi 팀과 DeFi Deep Dive] 특별 할인 쿠폰
159,46,[분할결제1]올인원 패키지 : 문서의 신이 알려주는 보고서의 법칙 : 비즈니스 글쓰기의 모든 것
160,45,[분할결제1]한 번에 끝내는 프론트엔드 개발 초격차 패키지 Online
161,44,[분할결제2]한 번에 끝내는 프론트엔드 개발 초격차 패키지 Online
162,44,[분할결제2]올인원 패키지 : 문서의 신이 알려주는 보고서의 법칙 : 비즈니스 글쓰기의 모든 것
164,43,[분할결제1]The RED : 프론트엔드 개발자 김태곤
165,43,[분할결제2]The RED : 프론트엔드 개발자 김태곤
166,42,"[분할결제]올인원 패키지 : 25개 사례로 배우는 Anomaly Detection 알고리즘 구현과 실전 프로젝트_33,000원 결제"
167,40,"[분할결제]올인원 패키지 : 25개 사례로 배우는 Anomaly Detection 알고리즘 구현과 실전 프로젝트_193,000원 결제"
170,39,"[분할결제]초격차 패키지 : 한 번에 끝내는 퍼블릭 클라우드 데이터 파이프라인 구축_20,000원 결제"
171,38,"[분할결제2]초격차 패키지 : 한 번에 끝내는 퍼블릭 클라우드 데이터 파이프라인 구축_199,000원 결제"
172,38,[분할결제2]초격차 패키지 : 한 번에 끝내는 퍼블릭 클라우드 데이터 파이프라인 구축
173,38,[분할결제1]초격차 패키지 : 한 번에 끝내는 퍼블릭 클라우드 데이터 파이프라인 구축
174,38,[AI Explorer 2022] 데이터 사이언스 무료수강권
175,38,[무료수강권] 무료수강용
176,37,[럭키 룰렛] 업무생산성 강의 5만원 할인 쿠폰
177,37,패스트캠퍼스 온라인 강의 평생소장권
178,36,점핏×패스트캠퍼스 제휴 할인 COUPON
179,36,[결제쿠폰]올인원 패키지 : 7일만에 끝내는 마케팅 데이터 분석과 시각화 실무_차감금액 결제
180,36,[3일 한정] 온라인 강의 50% 즉시할인 쿠폰
181,36,[3만원 할인 쿠폰] 이병률 작가의 나 자신과 여행하는 에세이 창작법 할인 쿠폰 (~12/4 23:59)
182,34,[럭키 룰렛] 업무생산성 강의 1만원 할인 쿠폰
183,34,[럭키 룰렛] 업무생산성 강의 40% 할인 쿠폰
184,34,[20%할인쿠폰] 허들러스 유성민 강사 컨설팅 등록자 전용 할인 쿠폰 
186,34,[재발급] [고객님 전용] AWS 데이터 인프라 구축&엔지니어링 정주행 Kit 할인
187,34,[무료수강권] 이병률 작가의 나 자신과 여행하는 에세이 창작법(~12/4 23:59)
188,34,[72시간 한정] 온라인 강의 3만원 즉시할인 깜짝 쿠폰
189,33,[WELCOME] 온라인 강의 3만원 할인
190,33,[WELCOME] 온라인 강의 2만원 할인
191,33,[WELCOME] The Red 강의 3만원 할인
192,33,[WELCOME] The Red 강의 2만원 할인
193,33,[증정] 온라인강의 11월 판매가 50%할인권
194,32,[20% 할인쿠폰] React Native를 활용한 빠르고 완성도 높은 앱 개발 초격차 패키지 20% 할인 쿠폰
195,32,[디자인] 한 번에 끝내는 공간/건축 디자인 40% 할인 쿠폰
196,32,[유튜브 구독자 대상 20% 할인쿠폰] 올인원 패키지 : 혁펜하임의 AI DEEP DIVE (Online.)
197,31,[20% 할인쿠폰] 올인원 패키지 : 모델 구현으로 끝내는 GAN 완전정복
198,31,[Adrial 데이터 마케팅 세미나] 강의 5만원 할인권
199,31,인사이더 쿠폰
200,30,[고객님 전용] AWS 데이터 인프라 구축&엔지니어링 정주행 Kit 할인
201,30,[무료 쿠폰] 6개월 치 업무를 하루 만에 끝내는 업무자동화 리뉴얼 강의
202,30,[무료 쿠폰] 코꼬마를 위한 코딩유치원 리뉴얼 강의
203,29,[규정외 재발급][72시간 한정] 온라인 강의 3만원 즉시할인 깜짝 쿠폰
204,29,"[50% 할인] 개발자 취업 합격 패스 With 코딩테스트, 기술면접 초격차 패키지 Online. 50% 할인 쿠폰"
205,29,빵형 구독자 대상 특별 20% 할인 쿠폰
206,29,[20% 할인쿠폰] 올인원 패키지 : 혁펜하임의 AI DEEP DIVE (Online.)
207,29,[무료수강권] 산학협력
208,29,[무료수강권] 한 번에 끝내는 서비스 기획의 모든 것 초격차 패키지 Online.
209,28,[규정외 재발급][20% 할인쿠폰] React Native를 활용한 빠르고 완성도 높은 앱 개발 초격차 패키지 20% 할인 쿠폰
211,27,[규정외 재발급][럭키룰렛] 프로그래밍 강의 7만 원 할인 쿠폰
212,27,[럭키룰렛] 프로그래밍 강의 7만 원 할인 쿠폰
213,27,[럭키룰렛] 프로그래밍 강의 10만 원 할인 쿠폰
214,27,[럭키룰렛] 프로그래밍 강의 50% 할인 쿠폰
215,26,[INNER CIRCLE : 노수진] 사전학습콘텐츠 제공_RED
216,26,[30% 특별 할인 쿠폰] 이병률 작가의 나 자신과 여행하는 에세이 창작법 할인 쿠폰 (~12/4 23:59)
217,26,[트위터 팔로워 대상] 완케의 기초 클래스 20% 할인 쿠폰
218,26,[체인의정석] 초격차 패키지 : Solidity로 시작하는 이더리움(EVM) 기반 블록체인 개발  A to Z 30% 할인 쿠폰
219,26,[럭키룰렛] 프로그래밍 강의 100% 할인 쿠폰
221,25,[인사이더] 수강률 트래킹용 강의 쿠폰
222,25,[무료 수강권] FEConf 2022 이벤트 경품_프로그래밍 강의 무료수강권
223,25,[우수 체험단 리워드] 네오아카데미 일러스트 강의 무료수강권
224,25,[분할결제2]초격차 패키지 : 한 번에 끝내는 컴퓨터비전
225,25,[40% 할인 쿠폰] FEConf 2022 이벤트 경품_프로그래밍 강의 40% 할인 쿠폰
226,25,[증정] The Red 강의 11월 판매가 50%할인권
227,25,[분할결제1]초격차 패키지 : 한 번에 끝내는 컴퓨터비전
228,24,[무료수강권] 백엔드 개발자를 위한 한 번에 끝내는 대용량 데이터 & 트래픽 처리 초격차 패키지 Online.
229,24,[프로모션] 10월 1+1 쿠폰 이벤트
233,23,[게뜨 RT이벤트] 초격차 패키지 : Solidity로 시작하는 이더리움(EVM) 기반 블록체인 개발  A to Z 무료수강권
234,23,[30% 할인 쿠폰] FEConf 2022 이벤트 경품_프로그래밍 강의 30% 할인 쿠폰
235,23,[50% 할인 쿠폰] FEConf 2022 이벤트 경품_프로그래밍 강의 50% 할인 쿠폰
236,23,[20% 할인] 스타트업 마케터로 살아남기 : 퍼포먼스 마케팅 Kiit 할인 쿠폰
237,22,[20% 할인쿠폰] 스타트업 마케터로 살아남기 : 퍼포먼스 마케팅 Kiit 할인 쿠폰
238,22,[20% 할인 쿠폰] FEConf 2022 이벤트 경품_프로그래밍 강의 20% 할인 쿠폰
239,22,[마스터클래스 전체 오픈 기념 할인쿠폰] 편집여 아카데미 제 6강 3만 원 할인 쿠폰
240,22,[프로그래밍 깜짝 쿠폰 이벤트] 프로그래밍 카테고리 30% 할인 쿠폰
242,22,[Karin RT이벤트] 초격차 패키지 : Solidity로 시작하는 이더리움(EVM) 기반 블록체인 개발  A to Z 무료수강권
243,22,[분할결제1]올인원 패키지 : 성공적인 UX를 위한 유저 리서치 by 카카오페이 리서처
244,22,[분할결제2]올인원 패키지 : 성공적인 UX를 위한 유저 리서치 by 카카오페이 리서처
246,21,[프로모션] 9월 100% 페이백 이벤트
247,21,[재결제쿠폰][WELCOME] 온라인 강의 3만원 할인
248,20,[예외 재발급] [100% 쿠폰] 디마즈 1기 강의 100% 수강권
249,20,(재발급) [프로모션] 10월 1+1 쿠폰 이벤트
250,20,[규정외발급][프로모션] 10월 1+1 쿠폰 이벤트
251,20,[재결제쿠폰][WELCOME] 온라인 강의 2만원 할인
252,20,[체인의정석 RT이벤트] 초격차 패키지 : Solidity로 시작하는 이더리움(EVM) 기반 블록체인 개발  A to Z 무료수강권
253,20,"[24시간 한정] 10,000원 즉시할인 쿠폰"
254,19,[재결제쿠폰]올인원 패키지 : 스프링의 정석 : 남궁성과 끝까지 간다
255,19,[규정외 재발급][WELCOME] 온라인 강의 3만원 할인
256,19,"[분할 결제] 1_백엔드 개발자를 위한 한 번에 끝내는 대용량 데이터 & 트래픽 처리 초격차 패키지_182,000원 결제용"
258,19,[VIP] The RED 강의 5만원 할인 쿠폰
259,19,[재발급] [정가대비 90% 할인쿠폰] 초격차 패키지 : 딥러닝·인공지능 Signature 90% 할인 쿠폰
260,19,"[분할 결제] 1_백엔드 개발자를 위한 한 번에 끝내는 대용량 데이터 & 트래픽 처리 초격차 패키지_10,000원 결제용"
261,19,"[30,000원 할인쿠폰] 한 번에 끝내는 영상 촬영과 편집"
262,19,[규정외재발급][20% 할인쿠폰] React Native를 활용한 빠르고 완성도 높은 앱 개발 초격차 패키지 20% 할인 쿠폰
263,18,[100% 할인] The Red : 씀으로써 작가가 되는 글쓰기 : IT조선 조상록님
264,18,[20% 할인쿠폰] 초격차 패키지 : 백엔드 개발자를 위한 한 번에 끝내는 대용량 데이터 & 트래픽 처리
265,18,[재결제쿠폰][20% 할인쿠폰] React Native를 활용한 빠르고 완성도 높은 앱 개발 초격차 패키지 20% 할인 쿠폰
266,18,패스트캠퍼스 30만원 강의 쿠폰
267,18,[100% 할인] 한번에 끝내는 영상 촬영과 편집 : IT조선 조상록님
268,18,[디자인] 한 번에 끝내는 공간/건축 디자인 20% 할인 쿠폰
269,18,[규정외발급]1+1이벤트 쿠폰
270,17,"[무료수강권] 완케의 초단기 초보 탈출, 일러스트 기초 첫걸음"
271,17,[30% 할인쿠폰] 초격차 패키지 : Solidity로 시작하는 이더리움(EVM) 기반 블록체인 개발  A to Z
272,17,"[네오아카데미] 완케의 초단기 초보 탈출, 일러스트 기초 첫걸음 20% 할인 쿠폰"
273,17,[4만원 쿠폰] 6개월 치 업무를 하루 만에 끝내는 업무자동화 리뉴얼 강의
274,17,[구독자 전용 20% 할인] 한번에 끝내는 PPT 제작/디자인
275,17,[네오아카데미 수강생 대상] 완케의 기초 클래스 50% 할인 쿠폰
276,17,[블로그 이벤트] 한 번에 끝내는 프론트엔드 초격차 20% 할인쿠폰2
277,17,[karinnftart] 초격차 패키지 : Solidity로 시작하는 이더리움(EVM) 기반 블록체인 개발  A to Z 30% 할인 쿠폰
278,17,[ISDev 오픈채팅방 한정] Solidity로 시작하는 이더리움(EVM) 기반 블록체인 개발  A to Z 30% 할인 쿠폰
279,17,[게뜨] 초격차 패키지 : Solidity로 시작하는 이더리움(EVM) 기반 블록체인 개발  A to Z 30% 할인 쿠폰
280,16,[무료수강권] iOS 후기 작성 보상
281,16,[4만원 쿠폰] 코꼬마를 위한 코딩유치원 리뉴얼 강의
282,16,[네오아카데미 수강생 대상] 완케의 기초 클래스 20% 할인 쿠폰
285,16,[재결제쿠폰]네오아카데미: 프로피의 얼굴부터 시작하는 미소녀 캐릭터 스킬
286,16,[정가대비 90% 할인쿠폰] 초격차 패키지 : 딥러닝·인공지능 Signature 90% 할인 쿠폰
287,15,[20% 할인쿠폰] 파이썬으로 할 수 있는 모든 것 초격차 패키지 20% 할인 쿠폰
288,15,[4만원 할인 쿠폰] 금융·투자 기수강생 대상 할인 쿠폰
289,15,[40% 할인 쿠폰] 시그니처 패키지 : 프론트엔드 로드맵 마스터 40% 할인 쿠폰
290,15,[네오아카데미] 프로피의 얼굴부터 시작하는 미소녀 캐릭터 스킬 20% 할인 쿠폰
291,15,[SQL 강의 7만원 할인] 합격의 하이패스 : SQLD 자격 과정 기수강생 대상
292,15,[50% 할인 쿠폰] 실무 활용 극대화를 위한 10가지 디자인 툴
293,15,[3만원 할인] 한 번에 끝내는 퀀트(금융공학) 실무 강의 할인 쿠폰
294,15,[할인 쿠폰] 코딩 18 : 웹개발 왕초보 1기 칭찬해요 MVP 프로그래밍 및 후기 작성 등 리워드 할인 쿠폰
295,15,[8만 할인 쿠폰] 닷밀의 미디어아트 그래픽 클래스 : 모션그래픽 뉴패러다임 Creative Kit
296,15,[혁펜하임 유튜브 멤버쉽 전용] 딥러닝·인공지능 Signature 20% 할인 쿠폰
297,15,[3만원 할인 쿠폰] 마침내 편집녀의 영상 마스터클래스 Final Class 6강 오픈 기념 3만원 할인 쿠폰
298,15,[무료수강권] 코딩 18 : 웹개발 왕초보 1기 우수 수강생 100% 무료 수강권 (프로그래밍)
299,15,[패캠X네오] 피드백 이벤트 참가자 대상 30% 시크릿 할인 쿠폰
300,14,[판매가대비 20% 할인쿠폰] 초격차 패키지 : 딥러닝·인공지능 Signature
301,14,[5만원 할인 쿠폰] 실무 활용 극대화를 위한 10가지 디자인 툴
302,14,[쿠폰재발급][WELCOME] 온라인 강의 3만원 할인
303,14,[네오아카데미 수강생 대상] 프로피 온라인 클래스 50% 할인 쿠폰
304,14,[트위터 팔로워 대상] 프로피 온라인 클래스 20% 할인 쿠폰
305,14,[20% 할인 쿠폰] 시그니처 패키지 : 프론트엔드 로드맵 마스터 20% 할인 쿠폰
306,14,[재결제]초격차 패키지 : 일잘러 필수 스킬 모음.zip
307,14,[재결제쿠폰][Kit] 닷밀의 미디어아트 그래픽 클래스 : 모션그래픽 뉴패러다임 Creative Kit
308,13,[P&P 회원 특별 할인] 한 번에 끝내는 부동산 금융(PF) 실무 강의 10% 할인 쿠폰
309,13,"[2만 할인 쿠폰] CLASS : 유성민의 GA4, 12시간만에 끝장내기"
310,13,"[48,000 원 할인 쿠폰] The RED : 현실 세상의 TDD : 안정감을 주는 코드 작성 방법 48,000 원 할인 쿠폰"
311,13,[8만 할인 쿠폰] 영상 편집 말고 특별한 모션그래픽을 시작하고 싶다면? 닷밀의 미디어아트 그래픽 클래스 : 모션그래픽 뉴패러다임 Creative Kit
312,13,"[130,000원 할인 쿠폰] 시그니처 패키지 : 프론트엔드 로드맵 마스터 130,000원 할인 쿠폰"
313,13,[20% 할인 쿠폰] 콘텐츠와 글귀에 감성을 더하고 싶다면? 집에 있는 카메라로 시작하는 Photography : 감성사진부터 상업사진까지 Creative Kit
314,13,[3만원 할인 쿠폰] 실무 활용 극대화를 위한 10가지 디자인 툴
315,13,"[2만원 할인 쿠폰] GA4 데이터 분석 일잘러가 되고싶다면? CLASS : 유성민의 GA4, 12시간만에 끝장내기"
316,13,"[3만원 할인 쿠폰] 영상편집&모션의 바이블, 편집하는 여자의 Final Class 6강 오픈!"
317,13,[20% 할인 쿠폰] 집에 있는 카메라로 시작하는 Photography : 감성사진부터 상업사진까지 Creative Kit
318,13,[무료수강권] 프로피의 얼굴부터 시작하는 미소녀 캐릭터 스킬
319,12,[무료수강권] 코딩 18 : 웹개발 왕초보 1기 우수 수강생 100% 무료 수강권 (프로그래밍) (2)
322,12,[규정외재발급][VIP] The RED 강의 10만원 할인 쿠폰
323,12,[분할결제1]초격차 패키지 : 한 번에 끝내는 딥러닝/인공지능
324,12,[분할결제1]초격차 패키지 : 직장인이 진짜 필요한 업무자동화 SUPER팩
325,12,[분할결제2]초격차 패키지 : 직장인이 진짜 필요한 업무자동화 SUPER팩
326,12,튜닙 박규병님 무료수강쿠폰
328,12,[블록체인 초격차 후기 리워드] 데이터사이언스 카테고리 1개 강의 무료수강권
329,12,[방사X패스트캠퍼스] 네오아카데미 일러스트 강의 20% 할인 쿠폰!
330,12,[일러스트아카데미 이벤트] 프로피 무료수강권 당첨!
331,12,[네오아카데미 수강생 대상] 프로피 온라인 클래스 20% 할인 쿠폰
334,11,[분할결제1]초격차 패키지 : 한 번에 끝내는 구글 스프레드시트
335,11,[분할결제2]초격차 패키지 : 한 번에 끝내는 구글 스프레드시트
336,11,[5만원 할인 쿠폰] 패캠 BEST 3D 컴퓨터 비전 강의 할인 쿠폰
337,11,[The Red : GPT3 거대모델과 블록체인의 결합: AINFT & Web 3.0의 미래] 5만원 쿠폰 선물
338,11,[디마즈 똑똑] 디지털 마케팅 초격차 시그니처 플러스 3만원 할인 쿠폰
339,11,"[분할결제2]The RED : YouTube 프로덕트 매니저 다니엘의 PM 101_95,000원 결제"
340,11,"[분할결제1]The RED : YouTube 프로덕트 매니저 다니엘의 PM 101_149,000원 결제"
341,11,[무료수강권] 인스타 웹툰 광고 협업 건_서비스 기획 
342,11,[플친 단독 25% 할인쿠폰] 파이썬으로 할 수 있는 모든 것 초격차 패키지 25% 할인 쿠폰
344,11,[강의 오픈 지연 보상] 부동산/금융 카테고리 3만원 할인 쿠폰
345,10,[무료수강권] 김민태 프론트엔드 아카데미 제 2강 100% 할인 쿠폰
346,10,[예외 재발급] [40% 할인 쿠폰] 한 번에 끝내는 프론트엔드 개발 언어 올인원 패키지 Online. 
347,10,[재결제쿠폰][WELCOME] The Red 강의 3만원 할인
348,10,[규정외재발급][WELCOME] 온라인 강의 3만원 할인
349,10,[체험단 이벤트 무료수강권] 설의 매트페인팅으로 만드는 감성적인 캐주얼 일러스트
350,10,[재결제쿠폰]초격차 패키지 : M&A 실무 완전 정복
351,10,(B2B) 임팩트커리어 우수 수강생 대상 쿠폰
352,10,(예외재발급) [WELCOME] 온라인 강의 3만원 할인
353,10,[규정외재발급][WELCOME] The Red 강의 2만원 할인
354,10,[분할결제1]올인원 패키지 : 딥러닝을 활용한 추천시스템 구현
355,10,[분할결제2]올인원 패키지 : 딥러닝을 활용한 추천시스템 구현
356,10,[규정외재발급][VIP] 온라인 강의 5만원 할인 쿠폰
357,10,"[20% 할인 쿠폰] 닷밀 미디어아트 그래픽 클래스: 음악, 공간, 감각으로 익히는 미디어아트 심화"
358,10,[분할결제2]초격차 패키지 : 한 번에 끝내는 딥러닝/인공지능
359,9,[20% 할인쿠폰] 글로벌 판매 1위 ZDE의 제페토 아이템 제작과 수익화(~10/31 23:59)
360,9,"[분할결제]초격차 패키지 : 무조건 팔리는 SNS콘텐츠 끝장내기_82,000원"
361,9,[예외 재발급] [프로모션] 9월 100% 페이백 이벤트
362,9,"[분할결제]초격차 패키지 : 무조건 팔리는 SNS콘텐츠 끝장내기_100,000원"
363,9,[체험단 이벤트 무료수강권] 완케의 악마와 계약하는 초단기 일러스트 성장법
364,9,[재결제쿠폰]올인원 패키지 : AutoML 시스템 구축으로 익히는 모델 선택 및 하이퍼파라미터 튜닝
365,9,[체험단 이벤트 무료수강권] 까나의 초보자를 위한 SD 미니 캐릭터 그리기
366,9,[체험단 이벤트 무료수강권] 킨티의 58개의 예제를 통해 배우는 캐주얼 캐릭터 완전판
367,9,[2만원 할인쿠폰] 서미애 작가의 미스터리 장르 소설 창작법 2만원 할인쿠폰 (~10/17 23:59)
368,9,[48시간 타임세일] 온라인 강의 20% 할인 쿠폰
369,9,"감사이벤트_프론트엔드 50,000원 할인쿠폰"
370,9,[72시간 한정] 온라인강의 10월 판매가 50% 반값 쿠폰
371,9,[20% 할인 쿠폰] 제페토 아이템 크리에이터가 되어보세요! 글로벌 판매 1위 ZDE의 제페토 아이템 제작과 수익화
372,9,[디마즈 스타터] 디지털 마케팅 초격차 시그니처 플러스 3만원 할인 쿠폰
373,9,[2만원 할인 쿠폰] 일러스트 기수강생 대상 [동화책 제작] 강의 2만원 할인 쿠폰
374,9,[2만원 할인 쿠폰] 글쓰기 기수강생 대상 [동화책 제작] 강의 2만원 할인 쿠폰
377,8,[규정외 재발급][프로모션] 9월 100% 페이백 이벤트
379,8,[20% 할인쿠폰] 초격차 패키지 : 한 번에 끝내는 퀀트(금융공학) 실무
380,8,[무료수강권] 초격차 패키지 : 백엔드 개발자를 위한 한 번에 끝내는 대용량 데이터 & 트래픽 처리
381,8,[프로모션] 9월 1+1 쿠폰 이벤트
382,8,[40% 할인 쿠폰] The RED : 박지웅의 8천억 원 가치의 회사를 만드는 컴퍼니빌딩 40% 할인 쿠폰
383,8,[증정] 온라인강의 10월 판매가 50%할인권
384,8,[규정외 재발급][증정] 온라인강의 10월 판매가 50%할인권
385,8,[FASTCAMPUS X Slack] 온라인 강의 20% 할인 쿠폰
387,8,[50%할인쿠폰] 코딩 18 : 웹개발 왕초보 1기 완강 리워드 50% 할인 쿠폰 (프로그래밍)
388,8,[무료수강권] 올인원 패키지 : 25개 사례로 배우는 Anomaly Detection 알고리즘 구현과 실전 프로젝트
389,8,[무료수강권] 킨티의 58개의 예제를 통해 배우는 캐주얼 캐릭터 완전판
390,8,[규정외재발급][증정] 온라인강의 10월 판매가 50%할인권
391,8,[할인쿠폰] 초격차 패키지 : 한 번에 끝내는 주식 투자의 모든 것_올인원 패키지 : 박민수에게 배우는 직장인 초현실 투자 전략 기수강생 대상
393,8,HUSTLE 전용 100% 할인 쿠폰 : 디자인의 차이를 만드는 서체 활용법  
394,8,[패스트캠퍼스] 올인원 패키지 : 스프링의 정석 : 남궁성과 끝까지 간다 재결제 쿠폰
396,8,[규정외재발급}[프로모션] 9월 1+1 쿠폰 이벤트
397,8,[재결제쿠폰][20% 할인 쿠폰] 집에 있는 카메라로 시작하는 Photography : 감성사진부터 상업사진까지 Creative Kit
398,8,[규정외 재발급][프로모션] 8월 100% 페이백 이벤트
399,8,"[40,000원 할인쿠폰] 초격차 패키지 : 백엔드 개발자를 위한 한 번에 끝내는 대용량 데이터 & 트래픽 처리"
400,8,[트위터 팔로워 대상] 킨티 온라인 클래스 20% 할인 쿠폰
401,8,[무료수강권] 프로그래밍 카테고리 (2)
402,8,[예외적발급][프로모션] 9월 1+1 쿠폰 이벤트
403,8,"[분할결제쿠폰]초격차 패키지 : 한 번에 끝내는 AWS 인프라 구축과 DevOps 운영_34,000원"
404,8,"[분할결제쿠폰]초격차 패키지 : 한 번에 끝내는 AWS 인프라 구축과 DevOps 운영_187,000원"
405,7,[규정외 재발급][프로모션] 9월 1+1 쿠폰 이벤트
406,7,"HUSTLE 전용 100% 할인 쿠폰 : GA4, 구글 애널리틱스 완전 정복 (김보경님)"
407,7,[규정외재발급][프로모션] 9월 1+1 쿠폰 이벤트
408,7,"[분할결제쿠폰]초격차 패키지 : 한 번에 끝내는 부동산 금융(PF) 실무_493,000원"
409,7,"[분할결제쿠폰]초격차 패키지 : 한 번에 끝내는 부동산 금융(PF) 실무_2,000원"
410,7,[디자인] 24시간 한정 3만원할인
411,7,[프로그래밍] 24시간 한정 3만원할인
412,7,[데이터사이언스] 24시간 한정 3만원할인
413,7,[업무생산성] 24시간 한정 3만원할인
414,7,[40% 할인 쿠폰] 한 번에 끝내는 프론트엔드 개발 언어 올인원 패키지 Online. 40% 할인 쿠폰
415,7,[마케팅] 24시간 한정 3만원할인
416,7,[영상/3D] 24시간 한정 3만원할인
417,7,[The RED] 24시간 한정 3만원할인
418,7,K-디지털 기초역량훈련 패스트캠퍼스 온라인 강의 평생소장권
419,7,[부동산/금융] 24시간 한정 3만원할인
420,7,"[20% 할인 쿠폰] 한 번에 끝내는 HTML, CSS, JavaScript, TypeScript 올인원 패키지 Online. 20% 할인 쿠폰"
421,7,[20% 할인 쿠폰] 한 번에 끝내는 프론트엔드 개발 언어 올인원 패키지 Online. 20% 할인 쿠폰
422,7,[네오아카데미] 킨티의 58개의 예제를 통해 배우는 캐주얼 캐릭터 완전판 20% 할인 쿠폰
423,7,[네오아카데미 수강생 대상] 킨티 온라인 클래스 50% 할인 쿠폰
424,7,[무료수강권] 한 번에 끝내는 블록체인 개발 A to Z
426,7,[재발급][증정] 온라인강의 9월 판매가 50%할인권
427,7,[증정] 온라인강의 9월 판매가 50%할인권
428,7,[20% 할인 쿠폰] The RED : 현실 세상의 TDD 실전편 20% 할인 쿠폰
429,7,[20% 할인쿠폰]올인원패키지 : 20개 실습으로 익히는 Transformer: 시퀀스 데이터 딥러닝
430,7,[규정외 재발급][WELCOME] 온라인 강의 2만원 할인
431,6,[40% 할인 쿠폰] 서비스 기획의 모든 것
434,6,시크릿클래스 멤버용 리워드 쿠폰_the red
435,6,시크릿클래스 멤버용 리워드 쿠폰
436,6,[황선미 피드백 프로그램] 참여자 리워드_RED 쿠폰 [재발급]
437,6,[황선미 피드백 프로그램] 참여자 리워드_온라인 강의 [재발급]
438,6,[네오아카데미 수강생 대상] 킨티 온라인 클래스 20% 할인 쿠폰
439,6,[분할결제1]초격차 패키지: Kubernetes와 Docker로 한 번에 끝내는 컨테이너 기반 MSA
440,6,[분할결제2]초격차 패키지: Kubernetes와 Docker로 한 번에 끝내는 컨테이너 기반 MSA
441,6,[무료수강권] 프로그래밍 카테고리
442,6,[20% 할인 쿠폰] The RED : 현실 세상의 TDD : 안정감을 주는 코드 작성 방법 20% 할인 쿠폰
443,6,일 잘 하고 싶은 사람들이 주목한 Top skills Report 1만원 할인 쿠폰
444,6,[닷밀] 강의 오픈 지연으로 인한 보상 할인 쿠폰
445,6,[황선미 피드백 프로그램] 참여자 리워드_온라인 강의
447,6,[20% 할인쿠폰] Kubernetes 자격증 마스터 클래스 : CKA/CKAD/CKS 강사님 할인 쿠폰
448,6,[이하석 디지털마케팅-그로스편] 오픈지연 쿠폰
449,5,"HUSTLE 전용 100% 할인 쿠폰 : A/B 테스트 탑재, 개인화 마케팅 끝장내기"
450,5,[황선미 피드백 프로그램] 참여자 리워드_RED 쿠폰
451,5,이현채 강사_Fastcampus 강의 무료 수강권
452,5,[재결제쿠폰]초격차 패키지 : 일잘러 필수 스킬 모음.zip
453,5,[무료수강권] 설의 매트페인팅으로 만드는 감성적인 캐주얼 일러스트 
455,5,[무료수강권] 올인원패키지 : 20개 실습으로 익히는 Transformer: 시퀀스 데이터 딥러닝
456,5,"HUSTLE 전용 100% 할인 쿠폰 : 가장 쉽게 시작하는 데이터 분석, SQL 유치원"
457,5,[20% 할인 쿠폰] 올인원 패키지 : 실패 없이 완주하는 파이썬 데이터 분석 입문
458,5,[WELCOME] 온라인 강의 3만원 할인 [재발급]
459,5,[재결제] [WELCOME] 온라인 강의 3만원 할인
460,5,"[분할결제쿠폰]THE RED : 박지웅의 8천억원 가치의 회사를 만드는 컴퍼니빌딩_97,000원"
461,5,"[분할결제쿠폰]THE RED : 박지웅의 8천억원 가치의 회사를 만드는 컴퍼니빌딩_100,000원"
462,5,HUSTLE 전용 100% 할인 쿠폰 : 한 번에 끝내는 일러스트레이터 활용
463,5,"[분할결제쿠폰]올인원 패키지 : 김민태의 프론트엔드 아카데미 : 제 1강 JavaScript & TypeScript Essential_200,000원"
464,5,"[분할결제쿠폰]올인원 패키지 : 김민태의 프론트엔드 아카데미 : 제 1강 JavaScript & TypeScript Essential_3,000원"
467,5,[20% 할인 쿠폰] 3ds로 만드는 제페토 아이템! 글로벌 판매 1위 ZDE의 제페토 아이템 제작과 수익화
468,5,"[20% 할인 쿠폰] 성공적인 투자는 ESG로부터?, 한번에 끝내는 ESG 경영 실무: 이해부터 전략까지"
469,5,[20% 할인 쿠폰] 지금 우리 일상을 공포로 물들이는 웹툰 스토리텔링 by. 주동근
470,5,[2만원 할인쿠폰] riri 작가님의 화사한 색감과 빛의 미소년 일러스트
471,5,[2만원 할인] 프리프로덕션부터 배우는 모션 그래픽 프로젝트 완성
472,5,[공여사 강의 전용] 프로모션 연장 30% 할인 쿠폰
473,5,"[20% 할인 쿠폰] 기업 가치와 경쟁력을 살리는 ESG, 한번에 끝내는 ESG 경영 실무: 이해부터 전략까지"
474,5,[서강대학교 대학원 특별할인] 한 번에 끝내는 컴퓨터비전
475,5,[20% 할인 쿠폰] 올인원 패키지 : 가장 빨리 도달하는 객체 감지 알고리즘 YOLO! [재발급]
476,5,[디마즈 사군자] 디지털 마케팅 초격차 시그니처 플러스 3만원 할인 쿠폰
477,5,[분할결제1]초격차 패키지 : 일잘러 필수 스킬 모음.zip
479,5,[패스트캠퍼스X네오아카데미] 사전예약 리워드 3만원 할인 쿠폰 - 까나의 초보자를 위한 SD 미니 캐릭터 그리기
480,5,"[분할결제]초격차 패키지 : 퍼포먼스 마케팅, 데이터로 완전 정복_79,000원 결제"
481,5,"[분할결제]초격차 패키지 : 퍼포먼스 마케팅, 데이터로 완전 정복_100,000원 결제"
483,4,[공여사 강의 전용] 추석 열공 응원 30% 할인 쿠폰
484,4,(패스트캠퍼스×점핏)프로그래밍 카테고리 30%할인쿠폰
485,4,[무료] OpenCV 개발자 운영자 전용 쿠폰 
486,4,[25% 할인쿠폰] 사이드 프로젝트 : 10개 기술스택으로 완성하는 풀스택 서버리스 프로젝트 with React
487,4,[20% 할인 쿠폰] 올인원 패키지 : 가장 빨리 도달하는 객체 감지 알고리즘 YOLO!
488,4,[패스트캠퍼스X네오아카데미] 사전예약 리워드 3만원 할인 쿠폰 - 완케의 악마와 계약하는 초단기 일러스트 성장법
489,4,[프로모션] 8월 100% 페이백 이벤트
490,4,[규정외재발급][프로모션] 8월 100% 페이백 이벤트
492,4,[분할결제2]초격차 패키지 : 일잘러 필수 스킬 모음.zip
493,4,"[분할 결제] 2_한 번에 끝내는 딥러닝/인공지능 초격차 패키지 (48,000원 결제 용)"
494,4,"[분할결제] 1_한 번에 끝내는 딥러닝/인공지능 초격차 패키지 (200,000원 결제용)"
495,4,[패스트캠퍼스X네오아카데미] 사전예약 리워드 3만원 할인 쿠폰 - 설의 매트페인팅으로 만드는 감성적인 캐주얼 일러스트
496,4,[규정외재발급][WELCOME] The Red 강의 3만원 할인
497,4,[B2B] IT 리포트 제작 위한 콘텐츠 확인용 100% 쿠폰
498,4,[무료수강권] 초격차 패키지 : 한 번에 끝내는 코딩테스트 369 Java편
499,4,패캐머_온라인 쿠폰
500,4,[재발급] [WELCOME] 온라인 강의 3만원 할인
501,4,[재결제] 올인원 패키지 : 처음부터 시작하는 딥러닝 유치원
502,4,"[재결제 쿠폰] 올인원 패키지 : 최성일의 코딩 초급자를 위한 웹 모션 디자인_31,000원"
503,4,[무료수강권] 까나의 초보자를 위한 SD 미니 캐릭터 그리기
504,4,[무료수강권] 완케의 악마와 계약하는 초단기 일러스트 성장법
505,4,[무료수강권] 초격차 패키지 : 한 번에 끝내는 프론트엔드 개발
506,4,[고객마케팅] 외부 에디터 발급쿠폰
507,4,[100% 할인] B2B MKTG HUSTLE 네트워킹 쿠폰 (김보경님)
508,4,"[분할결제]올인원 패키지 : 세계 3등에게 배우는 실무 밀착 데이터 시각화_85,000원"
509,4,[재결제] 재결제 쿠폰
510,4,[재결제 쿠폰] 9 in 1 직장인 글쓰기 필수 스킬 : 보고서부터 카피라이팅까지
511,4,[재결제쿠폰]초격차 패키지 : 한 번에 끝내는 디지털 마케팅 시그니처 플러스
512,4,[재결제쿠폰]초격차 패키지 : 한번에 끝내는 디자인 툴
513,4,[시크릿쿠폰] 10만 원 이상 결제 시 2만 원 할인
514,4,[트위터 팔로워 대상] 설 온라인 클래스 10% 할인 쿠폰
515,4,[Class 04] 33개 프로젝트로 완성하는 컴퓨터비전 딥러닝 심화 과정 5만원 할인 쿠폰 
516,4,[91% 할인쿠폰] 패캠 Univ. 디자인과 : 시각디자인 기초와 타이포그래피
517,4,[시크릿 할인 쿠폰] 김영하의 씀으로써 작가가 되는 글쓰기 10% 할인쿠폰
518,4,[CLASS 02] 한 번에 끝내는 컴퓨터비전 5만원 할인 쿠폰
519,4,[2만원 할인쿠폰] 김영하 작가의 씀으로써 작가가 되는 글쓰기 강의 할인 쿠폰
520,4,[디마즈 1T4F] 디지털 마케팅 초격차 시그니처 플러스 3만원 할인 쿠폰
521,4,[5만원 할인] 디지털 마케팅 초격차 시그니처 플러스 5만원 할인 쿠폰
522,4,[트위터 팔로워 대상] 완케 온라인 클래스 10% 할인 쿠폰
523,4,[Class 06] 논문 구현과 실험으로 배우는 딥러닝 모델 성능 최적화 with SSL & XAI 5만원 할인 쿠폰 
524,4,[SQLD 합격 응원] 하이패스 20% 할인쿠폰
525,4,[20% 할인쿠폰] Kubernetes 자격증 마스터 클래스 : CKA/CKAD/CKS
526,4,[86% 할인쿠폰] 패캠 Univ. 디자인과 : 시각디자인 기초와 타이포그래피
527,4,[오픈지연] 김민태 3강 오픈 지연 프로그래밍 3만원 할인 쿠폰
528,4,[Class 08] Meta 연구원 문경식의 단일 이미지 인식을 통한 Human Pose Estimation 5만원 할인 쿠폰 
529,4,[디마즈 패케미] 디지털 마케팅 초격차 시그니처 플러스 3만원 할인 쿠폰
530,3,[알림 신청자 대상] 마케팅/글쓰기 카테고리 무료 쿠폰
531,3,[CLASS 01] OpenCV를 활용한 컴퓨터비전과 딥러닝 5만원 할인 쿠폰 
532,3,[Class 03] 컴퓨터비전 정주행 Kit 5만원 할인 쿠폰 
533,3,"[분할결제]올인원 패키지 : 세계 3등에게 배우는 실무 밀착 데이터 시각화_100,000원"
534,3,[30%할인권]초격차 패키지 : 퍼포먼스 마케팅 데이터로 완전 정복
535,3,[Class 05] 실무 사례로 배우는 컴퓨터 비전 논문 구현과 알고리즘 성능 최적화 with SOTA 모델 5만원 할인 쿠폰 
536,3,[디마즈 6성으로질러조] 디지털 마케팅 초격차 시그니처 플러스 3만원 할인 쿠폰
538,3,[한 번에 끝내는 주식 투자의 모든 것] 70% 할인 쿠폰
539,3,[Class 07]  Area Chair 이광무 교수의 Neural Fields & 3D 컴퓨터 비전 5만원 할인 쿠폰 
540,3,[네오아카데미] 까나의 초보자를 위한 SD 미니 캐릭터 그리기 20% 할인 쿠폰
541,3,[네오아카데미] 완케의 악마와 계약하는 초단기 일러스트 성장법 20% 할인 쿠폰
542,3,[네오아카데미] 설의 매트페인팅으로 만드는 감성적인 캐주얼 일러스트 20% 할인 쿠폰
543,3,[재결제쿠폰][시크릿쿠폰] 10만 원 이상 결제 시 2만 원 할인
544,3,[3만원 할인쿠폰] Live2D로 만드는 버츄얼 캐릭터 : 일러스트부터 리깅까지
545,3,[노아] 트위터 팔로워 한정 3만원 할인 쿠폰 (~22/08/28)
546,3,[네오아카데미 수강생 대상] 완케 온라인 클래스 50% 할인 쿠폰
547,3,[네오아카데미 수강생 대상] 설 온라인 클래스 50% 할인 쿠폰
548,3,[네오아카데미 수강생 대상] 완케 온라인 클래스 20% 할인 쿠폰
549,3,"[3만원 할인쿠폰] 캐릭터 드로잉부터 시작, 나만의 버츄얼 캐릭터 만들기"
551,3,[네오아카데미 수강생 대상] 까나 온라인 클래스 50% 할인 쿠폰
552,3,(재발급) [WELCOME] 온라인 강의 3만원 할인
553,3,[네오아카데미 수강생 대상] 설 온라인 클래스 20% 할인 쿠폰
554,3,[프로모션] 7월 100% 페이백 이벤트 [예외 발급]
555,3,[트위터 팔로워 대상] 까나 온라인 클래스 10% 할인 쿠폰
556,3,[재결제쿠폰]THE RED : Area Chair 이광무 교수의 Neural Fields & 3D 컴퓨터 비전
557,3,[재결제쿠폰][타임특가] 온라인 강의 할인
558,3,[루냐] 트위터 팔로워 한정 3만원 할인 쿠폰 (~22/08/28)
560,3,재결제쿠폰
561,3,[프로모션] 7월 100% 페이백 이벤트
562,3,[50% 할인 쿠폰] 김영하 강의 수강생 설문 이벤트 당첨자 대상 할인 쿠폰
563,3,[재결제쿠폰][SQLD 합격 응원] 하이패스 20% 할인쿠폰
564,3,[쿠폰재발급_WELCOME] 온라인 강의 3만원 할인
566,3,패스트캠퍼스×점핏_50%할인쿠폰
567,3,[7만원 할인] OpenCV 개발자 공부방 7만원 할인 쿠폰
568,3,[20% 할인 쿠폰] 재무/세무 회계 실무 완성 20% 할인 쿠폰
570,3,[타임특가] 온라인 강의 할인
571,3,[1만원 할인쿠폰] 김영하 작가의 씀으로써 작가가 되는 글쓰기 강의 할인 쿠폰
572,3,(예외적 재발급) [프로모션] 7월 100% 페이백 이벤트
573,3,[재결제 쿠폰] 초격차 패키지 : 한 번에 끝내는 부동산 금융(PF) 실무
574,3,[무료] OpenCV 개발자 공부방 당첨자 무료 수강 쿠폰
576,3,"[분할결제]초격차 패키지 : 한 번에 끝내는 AWS 인프라 구축과 DevOps 운영_150,000원 결제"
577,3,"[분할결제]초격차 패키지 : 한 번에 끝내는 AWS 인프라 구축과 DevOps 운영_69,000원 결제"
578,3,[20% 할인 쿠폰] 한 번에 끝내는 블록체인 개발 A to Z 20% 할인 쿠폰
579,3,[20% 할인 쿠폰] 컴퓨터 비전 정주행 Kit 응원 쿠폰
580,3,[3만원 할인쿠폰] 패캠 Univ. 디자인과 : 시각디자인 기초와 타이포그래피
581,3,[알림 신청자 대상] 디지털 마케팅 시그니처 플러스 5만원 할인 쿠폰
585,3,[재결제 쿠폰] The RED : 칼만필터를 활용한 자율주행 센서퓨전 기술 구현 by 조형기
587,3,[재결제쿠폰][WELCOME] The Red 강의 3만원 할인_ Figma로 끝내는 모바일 UXUI 디자인 프로젝트 Kit
588,3,[재결제쿠폰]The RED : 박지웅의 8천억 원 가치의 회사를 만드는 컴퍼니빌딩
589,3,[100% 쿠폰] 디마즈 1기 디지털 마케팅 초격차 시그니처 플러스
593,2,[재결제쿠폰]초격차 패키지 : 한 번에 끝내는 파이썬 웹 개발
594,2,"[재결제 쿠폰] 초격차 패키지: GA4 탑재, 2023년 구글 애널리틱스 완전 정복"
595,2,[재결제쿠폰]올인원 패키지 : 배곡파 작가의 웹소설 남자 캐릭터 일러스트
596,2,"[재결제]초격차 패키지 : 개발자 취업 합격 패스 With 코딩테스트, 기술면접"
597,2,[100% 쿠폰] 디마즈 1기  디지털 마케팅 초격차 패키지
598,2,[분할결제1] 한 번에 끝내는 직장인을 위한 파이썬 데이터 분석 초격차 패키지 Online.
599,2,[분할결제1] 초격차 패키지 : 한 번에 끝내는 디지털 마케팅
600,2,[분할결제2] 초격차 패키지 : 한 번에 끝내는 디지털 마케팅
601,2,[40% 할인쿠폰] Kubernetes 자격증 마스터 클래스 : CKA/CKAD/CKS
602,2,[WELCOME] 온라인 강의 20%할인
603,2,[WELCOME] The Red 강의 20% 할인
604,2,[20% 할인 쿠폰] Next.js 완전 정복 : 확장성 높은 커머스 서비스 구축하기
605,2,[4만원 할인 쿠폰] 안심팩토리의 [3D 캐릭터를 가장 쉽게 만드는 법: 아이패드 모델링] 할인 쿠폰(~7/31 23:59)
606,2,[3만원 할인 쿠폰] 15개의 프로젝트 사례로 완성하는 브랜딩 3만원 할인쿠폰
607,2,[20% 할인쿠폰] 김은호 강사님 채널 전용 20% 할인 쿠폰
609,2,"[규정외 재발급] [30,000원 할인쿠폰] 프로그래밍 강의 3만원 할인쿠폰"
610,2,[20% 할인 쿠폰] 데이터 사이언스 카테고리 할인 
611,2,[규정외 재발급] [WELCOME] 온라인 강의 3만원 할인
612,2,[openCV 개발자 공부방  20% 할인쿠폰]초격차 패키지 : 33개 프로젝트로 완성하는 컴퓨터비전 딥러닝 심화 과정
613,2,[분할결제]올인원 패키지 : 인스타를 성장시킨 50명의 성공방정식_2.7만원 결제
614,2,[분할결제]올인원 패키지 : 인스타를 성장시킨 50명의 성공방정식_10만원 결제
616,2,[온라인 강의] 30% 할인
617,2,[20%쿠폰] 초격차 패키지 : 33개 프로젝트로 완성하는 컴퓨터비전 딥러닝 심화 과정
618,2,[The RED] 30% 할인
622,2,[무료수강권] 데이터 사이언스 카테고리의 올인원 패키지_파이썬을 활용한 시계열 분석 입문 7기
623,2,[분할결제1] The RED : 백엔드 에센셜 : 대용량 서비스를 위한 아키텍처 with Redis by 강대명
624,2,[분할결제2] The RED : 백엔드 에센셜 : 대용량 서비스를 위한 아키텍처 with Redis by 강대명
625,2,[인터뷰 응답 리워드] 부동산/금융 강의 50% 할인 쿠폰
626,2,[100% 할인] 헤이조이스 Bold & Sparkle 네트워킹 프로그램 (최가희님) : 100개의 클론디자인으로 배우는 UX/UI
627,2,[무료수강권] 바이럴마케팅용
629,2,[1만원 할인 쿠폰] 10년 차 포토그래퍼에게 배우는 사진 1만원 할인쿠폰
630,2,[프로모션] 6월 1+1 이벤트
631,2,[2만원 할인 쿠폰] 실무 사례로 배우는 컴퓨터 비전 논문 구현과 알고리즘 성능 최적화 2만원 할인쿠폰
632,2,[규정외 재발급] [프로모션] 6월 1+1 이벤트
633,2,[예외 재발급] [WELCOME] 온라인 강의 20%할인
634,2,[예외 재발급] [WELCOME] 온라인 강의 3만원 할인
635,2,[예외 재발급] [프로모션] 6월 1+1 이벤트
636,2,"[증정] 중복 강의 수강료 결제에 대한 91,000원 쿠폰 증정"
637,2,"[6,000원 할인쿠폰] 포토샵으로 시작하는 내가 꿈꾸는 판타지 아트"
638,2,[예외 발급] [프로모션] 6월 1+1 이벤트
639,2,[규정외 재발급][프로모션] 6월 1+1 이벤트
641,2,[재결제]	올인원 패키지 : 머신러닝 서비스 구축을 위한 실전 MLOps
642,2,[재결제쿠폰]초격차 패키지 : 한 번에 끝내는 부동산 금융(PF) 실무
643,2,"[80% 할인] GA4 탑재, 2023년 구글 애널리틱스 끝장내기 80% 할인 쿠폰 (재발급)"
644,2,[재결제 쿠폰] 올인원 패키지 : 파이썬을 활용한 시계열 데이터 분석 A-Z_228000
645,2,[재결제 쿠폰] 올인원 패키지 : 파이썬을 활용한 데이터 전처리 Level UP_172000
646,2,[프로모션] 6월 페이백 이벤트_예외적 기간 연장
647,2,[재결제 쿠폰] 초격차 패키지 : 직장인을 위한 파이썬 데이터 분석
648,2,[재결제]The RED : 데이터 사이언티스트 하용호
649,2,[30% 할인쿠폰] 김정식 강사님 채널 전용 30% 할인 쿠폰
650,2,[재결제 쿠폰] 초격차 패키지 : 한 번에 끝내는 포토샵 활용
651,2,[재결제 쿠폰] 초격차 패키지 : 무조건 팔리는 SNS콘텐츠 끝장내기
652,2,[20% 할인쿠폰] The RED : 강사룡의 앱 안정성 및 확장성 강화를 위한 Android 아키텍처
653,2,[3만원 할인 쿠폰] 부동산 디벨로퍼 리뉴얼 런칭 기념 3만원 할인 쿠폰
654,2,[20% 할인쿠폰] The RED : 강사룡의 앱 안정성 및 확장성 강화를 위한 Android 아키텍처 할인쿠폰
655,2,"[4만원 할인쿠폰] 아트 디렉터 E3의 점으로 완성하는 특별한 세상, 신비롭고 몽환적인 픽셀아트 드로잉(~7/17 23:59)"
656,2,[3만원 할인 쿠폰] 아이패드로만으로 만들 수 있는 아트토이 스타일 3D 캐릭터 모델링
657,2,[주원] 팔로워 한정 3만원 할인쿠폰 (~22/07/17)
658,2,[3만원 할인쿠폰] 주원_사랑스러운 캐릭터 일러스트와 웹소설 노하우까지
659,2,올인원 패키지 : 세계 3등에게 배우는 실무 밀착 데이터 시각화 20% 할인 쿠폰 
660,2,[예외적 재발급][증정] 온라인강의 7월 판매가 50%할인권
661,2,[분할결제2] 한 번에 끝내는 직장인을 위한 파이썬 데이터 분석 초격차 패키지 Online.
662,2,[openCV 개발자 공부방 무료수강권]초격차 패키지 : 33개 프로젝트로 완성하는 컴퓨터비전 딥러닝 심화 과정
663,2,[3만원 할인 쿠폰] 아이패드만으로 누구나 쉽게 만들 수 있는 3D 캐릭터 모델링
664,2,[대학생 인공지능/빅데이터 정보 공유방 무료수강권]초격차 패키지 : 33개 프로젝트로 완성하는 컴퓨터비전 딥러닝 심화 과정
665,2,[100% 할인] 헤이조이스 Bold & Sparkle 네트워킹 프로그램 (이은이님)
668,2,[증정] 온라인강의 7월 판매가 50%할인권
669,2,[100% 할인] 헤이조이스 Bold & Sparkle 네트워킹 프로그램 (이아람님)
670,2,[쿠폰재발급][증정] 온라인강의 7월 판매가 50%할인권
671,2,[무료수강쿠폰] 일잘러 필수 스킬.zip
672,2,[100% 할인] 헤이조이스 Bold & Sparkle 네트워킹 프로그램 (최지명님)
675,2,[규정외재발급][증정] 온라인강의 7월 판매가 50%할인권
676,2,[쿠폰재발급][4만원 할인 쿠폰] 안심팩토리의 [3D 캐릭터를 가장 쉽게 만드는 법: 아이패드 모델링] 할인 쿠폰(~7/31 23:59)
678,2,[3만원 할인쿠폰] 해오의 캐주얼 캐릭터 얼굴 그리기
679,2,[3만원 할인쿠폰] 마우스 클릭만으로 완성할 수 있는 신비롭고 몽환적인 픽셀아트
680,2,[해오] 팔로워 한정 : 입문자를 위한 얼굴 그리기 강의 3만원 할인 쿠폰 (~22/7/10)
681,2,[10% 할인쿠폰] CLASS : 포토샵으로 시작하는 내가 꿈꾸는 판타지 아트 할인쿠폰
682,2,[규정외 재발급][영상/3D] 3만원할인
683,2,[3만원 할인쿠폰] 입문자를 위한 캐주얼 캐릭터 얼굴 그리기
684,2,[20% 할인쿠폰] The RED : 박지웅의 8천억 원 가치의 회사를 만드는 컴퍼니빌딩 할인쿠폰
685,2,[런칭기념 15%할인] 딥러닝/머신러닝을 활용한 시계열 데이터 분석 
686,2,[프로모션] 6월 페이백 이벤트
687,2,"[30,000원 할인쿠폰] 투자/재테크 강의 3만원 할인쿠폰"
688,2,[내 마음대로 이용권] 강의 100% 할인 쿠폰 3
689,2,[내 마음대로 이용권] 강의 100% 할인 쿠폰 2
690,2,[3만원 할인쿠폰] 아이패드로도 만들 수 있는  신비롭고 몽환적인 픽셀아트 드로잉
691,2,[내 마음대로 이용권] 강의 100% 할인 쿠폰 1
693,2,[무료 수강권] 설문 완료 대상자 리워드 쿠폰
694,2,[규정외 재발급] [프로모션] 6월 페이백 이벤트
695,2,[규정외 재발급][증정] 온라인강의 7월 판매가 50%할인권
696,2,[쿠폰재발급][프로모션] 6월 페이백 이벤트
698,1,[예외재발급][프로모션] 6월 페이백 이벤트
701,1,[3만원 할인쿠폰] 주원_클립스튜디오 기초부터 채색까지
702,1,[내 마음대로 이용권] 강의 100% 할인 쿠폰 3_환불 후 재발급
704,1,"[재결제쿠폰]초격차 패키지 : 직장인을 위한 파이썬 데이터 분석_5,000원결제"
705,1,[증정] 초격차 패키지 한 번에 끝내는 디지털 마케팅 40%할인권
706,1,[데이터사이언스] 3만원할인
707,1,[프로그래밍] 3만원할인
708,1,[부업/창업] 3만원할인
709,1,[마케팅] 3만원할인
710,1,[영상/3D] 3만원할인
711,1,[디자인] 3만원할인
712,1,[부동산/금융] 3만원할인
713,1,[The RED] 3만원할인
714,1,[편집하는 여자] 제 5강 런칭 기념 3만원 할인 쿠폰
715,1,[패스트캠퍼스X네이버 OGQ마켓] 나만의 첫 이모티콘 이벤트 1등 100% 할인 쿠폰(~6.30)
716,1,[업무생산성] 3만원할인
717,1,[MLOps 오픈채팅방 20% 할인쿠폰] AutoML 강의 할인(~6/30)
718,1,[20% 할인쿠폰] 서비스 기획 PM의 모든 것 : 포트폴리오부터 가상 실무 체험까지
719,1,[편집녀 구독자 할인쿠폰] 편집녀 애프터이펙트 레벨업 클래스 3만원 할인 쿠폰
720,1,[투자/재테크] 3만원할인
721,1,(재결제 예외 재발급) [20% 할인쿠폰] 초격차 패키지 : 한 번에 끝내는 퀀트(금융공학) 실무
722,1,[5강 런칭기념 할인쿠폰] 편집여 아카데미 제 1강 3만 원 할인 쿠폰
724,1,온라인 강의 30% 할인_The Red 서민준 강의 폐강
725,1,"[재결제쿠폰]초격차 패키지 : 직장인을 위한 파이썬 데이터 분석_160,000원결제"
726,1,"[재결제]초격차 패키지 : 한 번에 끝내는 딥러닝/인공지능_1,000"
727,1,"[재결제]초격차 패키지 : 한 번에 끝내는 딥러닝/인공지능_242,000"
728,1,"[80% 할인] GA4 탑재, 2023년 구글 애널리틱스 끝장내기 80% 할인 쿠폰"
730,1,"[50% 할인] GA4 탑재, 2023년 구글 애널리틱스 끝장내기 50% 할인 쿠폰"
731,1,[20% 할인쿠폰] M&A 실무 완전 정복 20% 할인 쿠폰
733,1,[5강 런칭기념 할인쿠폰] 편집여 아카데미 제 4강 3만 원 할인 쿠폰
734,1,[데이터사이언스] 1개 강의 30% 할인
735,1,[재결제쿠폰]올인원 패키지 : 실무 사례로 배우는 컴퓨터 비전 논문 구현과 알고리즘 성능 최적화
736,1,[증정] 온라인강의 6월 판매가 50%할인권
737,1,[5강 런칭기념 할인쿠폰] 편집여 아카데미 제 3강 3만 원 할인 쿠폰
738,1,한 번에 끝내는 부동산 금융(PF)실무 20% 할인 쿠폰
739,1,[규정외 재발급] [영상/3D] 3만원할인
740,1,"[50,000원 할인] AutoML 시스템 구축으로 익히는 모델 선택 및 하이퍼파라미터 튜닝"
741,1,패스트캠퍼스 온라인 강의 평생소장권_신규발급(서유리 님)
742,1,[재결제] 올인원 패키지 : 스프링의 정석 : 남궁성과 끝까지 간다
743,1,온라인 강의 100% 쿠폰
745,1,[규정외 재발급][데이터사이언스] 3만원할인
747,1,[무료수강권] The RED : Snowflake를 활용한 클라우드 데이터 엔지니어링 이벤트 참여자 대상 리워드 쿠폰
748,1,[3만원 할인쿠폰] 순수미술 전공 주원 작가에게 배우는 채색스킬
749,1,[5강 런칭기념 할인쿠폰] 편집여 아카데미 제 5강 3만 원 할인 쿠폰
750,1,[송블리 작가님 SNS 팔로워 대상 10% 할인 쿠폰] 색의 온도를 담아 표현하는 송블리의 색연필 인물화(~2022.06.30)
751,1,"[분할 결제] 2) 디벨로퍼에게 배우는 토지 개발 실무 Master_16,000원 결제 용"
752,1,"[분할 결제] 1) 디벨로퍼에게 배우는 토지 개발 실무 Master_200,000원 결제 용"
753,1,"[분할결제]초격차 패키지 : Kubernetes와 Docker로 한 번에 끝내는 컨테이너 기반 MSA_175,600원 결제"
754,1,"[분할결제]초격차 패키지 : Kubernetes와 Docker로 한 번에 끝내는 컨테이너 기반 MSA_112,400원 결제"
755,1,[프로모션] 5월 1+1 이벤트
756,1,[고객마케팅] 패스트캠퍼스 강의제공 쿠폰
757,1,[규정외 재발급][부업/창업] 3만원할인
760,1,[균일가 구매자 전용] 평생소장 전환 쿠폰_7일만에 끝내는 디지털 마케팅 광고집행 실무
761,1,[런칭기념 15% 추가 할인쿠폰] 한 번에 끝내는 구글 스프레드 시트 강의 할인 쿠폰
762,1,The RED : Snowflake를 활용한 클라우드 데이터 엔지니어링 커뮤니티 20% 할인 쿠폰
764,1,[균일가 구매자 전용] 평생소장 전환 쿠폰_초격차 패키지 : 한 번에 끝내는 파이썬 웹 개발
765,1,[균일가 구매자 전용] 평생소장 전환 쿠폰_초격차 패키지 : 한 번에 끝내는 node.js 웹 프로그래밍
766,1,[균일가 구매자 전용] 평생소장 전환 쿠폰_코딩 왕초보를 위한 앱 만들기 풀 패키지
773,1,[5만원 할인쿠폰] 김민태 3강 런칭 기념 쿠폰
774,1,[20% 할인쿠폰] 10개 프로젝트로 완성하는 백엔드 웹개발(Java/Spring) 초격차 패키지 Onine.
775,1,[20% 할인쿠폰] 10개 프로젝트로 완성하는 백엔드 웹 개발(Java/Spring) 초격차 패키지 Onine.
776,1,[균일가 구매자 전용] 평생소장 전환 쿠폰_The RED : 조은의 프론트엔드 실무 가이드 : 요구사항 분석과 적정 기술
777,1,[규정외 재발급] [내 마음대로 이용권] 강의 100% 할인 쿠폰 2
778,1,[20% 할인쿠폰] 김민태 3강 런칭 기념 쿠폰
779,1,인공지능 MLOps 오픈채팅방 회원 전용 특별 쿠폰
780,1,[10% 할인쿠폰] 색의 온도를 담아 표현하는 송블리의 색연필 인물화 런칭!
781,1,"[분할결제]초격차 패키지: 한 번에 끝내는 비즈니스 영어_82,000원"
782,1,"[분할결제]초격차 패키지: 한 번에 끝내는 비즈니스 영어_100,000원"
783,1,k-디지털 기초역량훈련_패스트캠퍼스 온라인 강의 평생소장권
784,1,"[20% 할인] GA4 탑재, 2023년 구글 애널리틱스 끝장내기 20% 할인 쿠폰"
785,1,[균일가 구매자 전용] 평생소장 전환 쿠폰_파이썬을 활용한 시계열 데이터 분석 A-Z
786,1,"[분할결제]초격차 패키지 : 한 번에 끝내는 서비스 기획의 모든 것_100,000원 결제"
787,1,[쿠폰재발급][20% 할인쿠폰] 10개 프로젝트로 완성하는 백엔드 웹개발(Java/Spring) 초격차 패키지 Onine.
788,1,[10% 할인쿠폰] 그림이 처음이라도 괜찮아! 송블리의 색연필 인물화 클래스
789,1,[규정외 재발급][프로모션] 5월 1+1 이벤트
790,1,[규정외 재발급][20% 할인쿠폰] 10개 프로젝트로 완성하는 백엔드 웹 개발(Java/Spring) 초격차 패키지 Onine.
791,1,[재결제쿠폰][20% 할인쿠폰] 10개 프로젝트로 완성하는 백엔드 웹개발(Java/Spring) 초격차 패키지 Onine.
792,1,[패스트캠퍼스X네이버 OGQ마켓] 나만의 첫 이모티콘 이벤트 2등 50% 할인 쿠폰(~6.30)
793,1,[시크릿 프로모션] 50% 페이백 한번 더!
795,1,[쿠폰재발급][데이터사이언스] 3만원할인
796,1,[재결제쿠폰]초격차 패키지 : 한 번에 끝내는 서비스 기획의 모든 것
797,1,[수강권] 매력적인 인스타 스토리를 만드는 비법 수강권 (~22.06.30)
798,1,[규정외 재발급] [프로그래밍] 3만원할인
799,1,[신규가입자는 쿠폰 더!]온라인 강의 3만원 할인
800,1,[5월 쿠폰] 온라인 강의 3만원 할인
801,1,[신규가입자는 쿠폰 더!]온라인 강의 2만원 할인
802,1,[5월 쿠폰] 온라인 강의 2만원 할인
803,1,[5월 쿠폰] The Red 강의 3만원 할인
804,1,[20% 할인쿠폰] 실무 프로젝트로 배우는 Kotlin & Spring: 리팩토링부터 서비스 구현까지
805,1,The RED : Snowflake를 활용한 클라우드 데이터 엔지니어링 20% 할인 쿠폰
806,1,[5월 쿠폰] The Red 강의 2만원 할인
807,1,[30% 할인] 올인원패키지: 17개 실습으로 마스터하는 딥러닝 전이학습 with TensorFlow Hub 기수강자 대상 쿠폰
808,1,[쿠폰재발급]올인원 패키지 : Data Driven UX Design
809,1,[신규가입자는 쿠폰 더!]온라인 강의 3만원 할인 (재발급)
810,1,[10% 할인쿠폰] 살다가 재미있는 생각이 나면 아이패드로 그려봅시다.
811,1,[재결제쿠폰]초격차 패키지 : 한 번에 끝내는 AWS 인프라 구축과 DevOps 운영
812,1,[규정외 재발급][5월 쿠폰] 온라인 강의 3만원 할인
813,1,[자유이용권] 강의 100% 할인 쿠폰 (3)
814,1,[규정외 재발급][자유이용권] 강의 100% 할인 쿠폰 (3)
815,1, [자유이용권] 강의 100% 할인 쿠폰 (2)
816,1,[자유이용권] 강의 100% 할인 쿠폰 (1)
818,1,[자유이용권] 강의 100% 할인 쿠폰 (3)_재발급
819,1, [자유이용권] 강의 100% 할인 쿠폰 (2)_재발급
820,1,[규정외 재발급][신규가입자는 쿠폰 더!]온라인 강의 3만원 할인
821,1,KDT_BDA_01_전환길님_리워드
824,1,"[3만원 할인] GA4 탑재, 2023년 구글 애널리틱스 끝장내기 3만원 할인 쿠폰"
825,1,[재결제쿠폰][5월 쿠폰] 온라인 강의 3만원 할인
828,1,[20% 할인쿠폰] 기수강생 대상 문서의 신이 알려주는 보고서의 법칙 런칭 기념 할인 쿠폰
829,1,[재결제쿠폰][5월 쿠폰] The Red 강의 3만원 할인
830,1,[쿠폰재발급][내 마음대로 이용권] 강의 100% 할인 쿠폰 3
831,1,(B2B) 임팩트커리어 수강생 대상 쿠폰 발급
833,1,[규정외 재발급] [자유이용권] 강의 100% 할인 쿠폰 (2)
834,1,[쿠폰재발급][5월 쿠폰] 온라인 강의 3만원 할인
835,1,[쿠폰재발급][신규가입자는 쿠폰 더!]온라인 강의 3만원 할인
836,1,[10%할인] 10년 차 포토그래퍼에게 배우는 사진 10% 할인쿠폰
837,1,[10% 할인] 10년 차 포토그래퍼에게 배우는 사진 기수강생 대상 할인 쿠폰
838,1,[3만원 할인] 리코더팩토리와 함께 캐릭터 굿즈 시작! (~22/05/16)
839,1,[3만원 할인] 리코더팩토리와 함께하는 나만의 첫 캐릭터 브랜드 (~22/05/16)
840,1,첫구매 지원 50% 할인쿠폰
841,1,"[10% 할인 쿠폰] 건축, 웹툰, 어디든 가장 쉬운 3D 디자인툴 : 스케치업 튜토리얼"
842,1,[리코더팩토리 인스타그램 팔로워 한정 3만원 할인 쿠폰] 리코더팩토리와 함께하는 나만의 첫 캐릭터와 브랜드 (~22/05/16)
843,1,	[9 in 1 직장인 글쓰기 필수 스킬 : 보고서부터 카피라이팅까지] 무료 수강권
844,1,[30%할인쿠폰] 기수강자 대상 The Red : Facebook Prophet을 활용한 파이썬 시계열 예측 by Juber Rahman 박사 할인 쿠폰
845,1,[규정외 재발급][5월 쿠폰] The Red 강의 3만원 할인
846,1,[이공] 유튜브 구독자 한정 10% 할인쿠폰 (~22/05/08)
847,1,[3일한정] 시작이 반이다! 첫 수강 감사쿠폰 5만원
848,1,2021 바이트디그리 수료 쿠폰(데이터 사이언스 카테고리 전용 쿠폰)
849,1,[구매 인증 이벤트 리워드] The Red 김영하 강의 무료 수강권
850,1,[특별쿠폰] 올인원 패키지 : Node 웹 프로그래밍 구매자
851,1,[서울라이터] 팔로워 한정 3만원 할인 쿠폰
853,1,온라인 강의 100% 쿠폰 (1회 사용) 
854,1,[규정외재발급] [자유이용권] 강의 100% 할인 쿠폰 (2)
855,1,"[재결제 쿠폰] 초격차 패키지 : 4인4색 노하우로 승인받는 나만의 첫 이모티콘_164,000원 재결제 "
856,1,[9 in 1 직장인 글쓰기 필수 스킬 : 보고서부터 카피라이팅까지] 무료 수강권
857,1,[토게토게] 팔로워 한정 3만원 할인 쿠폰
858,1,[프로모션] 4월 100% 페이백 이벤트
860,1,[5월 쿠폰]온라인 강의 3만원 할인
861,1,[5월 쿠폰]온라인 강의 2만원 할인
862,1,[규정외 재발급][프로모션] 4월 100% 페이백 이벤트
863,1,데이터사이언스 50% 할인_영상 오픈 일정 변경
865,1,[쿠폰재발급][5월 쿠폰]온라인 강의 2만원 할인
866,1,[신동진] 팔로워 한정 3만원 할인 쿠폰
869,1,[규정외 1회발급][프로모션] 4월 100% 페이백 이벤트
870,1,(재발급) [프로모션] 4월 100% 페이백 이벤트 
871,1,[분할결제3]	올인원 패키지 : 파이썬을 활용한 시계열 데이터 분석 A-Z
872,1,[분할결제2]	올인원 패키지 : 파이썬을 활용한 시계열 데이터 분석 A-Z
873,1,[분할결제1]	올인원 패키지 : 파이썬을 활용한 시계열 데이터 분석 A-Z
875,1,[4월이니까? 총 4만원 할인쿠폰] 온라인 강의 2만원 할인쿠폰
876,1,[50% 할인] 시작이반 이벤트 50% 할인쿠폰
877,1,[70% 할인] 시작이반 작심삼일 이벤트 70% 할인 쿠폰
878,1,[할인쿠폰] Spring 만족도조사_프로그래밍 카테고리 20% 할인쿠폰
879,1,[10%할인] 스프링러너의 스프링 아카데미 : Spring Boot Essential 10% 할인 쿠폰
880,1,[4월이니까? 총 4만원 할인쿠폰] The RED 강의 2만원 할인쿠폰
881,1,[4월까지만 20% 할인] 글로벌 탑티어 헤지펀드의 미국 기업 분석 및 투자 전략 with Stephen Clapham 강의 20% 할인 쿠폰
882,1,[20%할인] 초격차 패키지 : 데이터 엔지니어링
883,1,[20%할인]The Red : 딥러닝 뉴럴네트워크 GNN 쿠폰
884,1,[30%할인]The Red : Facebook Prophet을 활용한 파이썬 시계열 예측 by Juber Rahman 박사
885,1,"[3만원 할인] 개발자 취업 합격 패스 With 코딩테스트, 기술면접 초격차 패키지 Online. 3만원 할인 쿠폰"
886,1,[20%할인] 스프링러너의 스프링 아카데미 : Spring Boot Essential 20% 할인 쿠폰
887,1,[5만원 깜짝 할인] 한 번에 끝내는 코딩테스트 369 Java편 초격차 패키지 Online. 5만원 할인 쿠폰
888,1,[2만원 할인] 9 in 1 직장인 글쓰기 런칭 기념 2만원 할인 쿠폰
889,1,[폐강보상쿠폰] 데이터 사이언스 20% 할인 쿠폰
890,1,[프론트엔드 초격차] 할인쿠폰
891,1,[편집녀's 편집샵] 편집녀 마스터클래스 제 2강 3만 원 할인 쿠폰
892,1,[편집녀's 편집샵] 편집녀 마스터클래스 제 4강 3만 원 할인 쿠폰
893,1,오프라인 강의 미수강 금액 쿠폰 발급_한번에 끝내는 금융ㆍ투자(IB) 실무
894,1, [편집녀's 편집샵] 편집녀 마스터클래스 제 3강 3만 원 할인 쿠폰
895,1,[40%할인권]초격차 패키지 : 한 번에 끝내는 디지털 마케팅
896,1,[분할결제2]초격차 패키지 : 한 번에 끝내는 프론트엔드 개발
897,1,[분할결제1] 초격차 패키지 : 직장인을 위한 파이썬 데이터 분석
898,1,[분할결제1]초격차 패키지 : 한 번에 끝내는 프론트엔드 개발
899,1,[분할결제2] 초격차 패키지 : 직장인을 위한 파이썬 데이터 분석
900,1, [9 in 1 직장인 글쓰기 필수 스킬 : 보고서부터 카피라이팅까지] 무료 수강권
901,1,[분할결제1] The RED : Figma로 끝내는 모바일 UXUI 디자인 프로젝트
902,1,[분할결제2] The RED : Figma로 끝내는 모바일 UXUI 디자인 프로젝트
903,1,"[분할결제]올인원 패키지 : 생존을 위한 IT 필수지식_29,000원 결제"
904,1,"[분할결제]올인원 패키지 : 생존을 위한 IT 필수지식_120,000원 결제"
905,1,[편집녀's 편집샵] 편집녀 마스터클래스 제 1강 3만 원 할인 쿠폰
906,1,[OUKO] 팔로워 한정 20% 할인쿠폰 (~22/04/25)
907,1,기초는 나의 힘! 드로잉 이론 3만원 할인 쿠폰
908,1,[이공] 키치한 방 그리기로 시작하는 아이패드 드로잉!
910,1,[글쓰기 강의 리뷰 이벤트 리워드] 마케팅(글쓰기 포함) 카테고리 15%할인 쿠폰
911,1,디지털 PM/PO 양성을 위한 직무교육 랜선 세미나 : 100% 할인 쿠폰
912,1,[재결제쿠폰][4월이니까? 총 4만원 할인쿠폰] 온라인 강의 2만원 할인쿠폰
913,1,B2B PM/PO세미나 경품 이벤트 05
914,1,[재결제 재발급] 최성일의 코딩 초급자를 위한 웹 모션 디자인
917,1,[20% 할인] 실무 초밀착 리눅스 : 클라우드 환경 운영부터 성능분석까지 20% 할인 쿠폰
918,1,B2B PM/PO세미나 경품 이벤트 01
919,1,B2B PM/PO세미나 경품 이벤트 03
920,1,2021 바이트디그리 수료 쿠폰(초격차 패키지 : 한 번에 끝내는 데이터분석 전용 쿠폰)
921,1,2021 바이트디그리 수료 쿠폰(초격차 패키지 : 한 번에 끝내는 머신러닝과 데이터분석 A-Z 전용 쿠폰)
922,1,B2B PM/PO세미나 경품 이벤트 04
923,1,2024 바이트디그리 수료 쿠폰(초격차 패키지: 한 번에 끝내는 데이터분석 툴 전용 쿠폰)
925,1,[10%할인] 연필과 지우개로 그리는 나만 알고 싶은 인물화 런칭 기념 할인쿠폰
926,1,[15%할인] 황선미의 나만의 세계가 담긴 동화 쓰기 런칭 기념 할인 쿠폰
927,1,[2만원 할인] 비즈니스 영어 초격차 2만원 할인 쿠폰
928,1,[10%할인] 연필과 지우개로 그리는 나만 알고 싶은 인물화 10% 할인쿠폰
929,1,예스폼 업무제휴 확인용 무료수강 쿠폰 
930,1,B2B PM/PO세미나 경품 이벤트 06
931,1,B2B PM/PO세미나 경품 이벤트 02
932,1,[편집하는여자의 영상편집 마스터클래스 - 제 2강] 강의 수강권
933,1,[편집하는여자의 영상편집 마스터클래스 - 제 1강] 강의 수강권
939,1,[자유이용권] 강의 100% 할인 쿠폰 (1)_재발급
940,1,2021 바이트디그리 수료 쿠폰(초격차 패키지: 한 번에 끝내는 데이터분석 전용 쿠폰)
941,1,[무료수강쿠폰] 초격차 패키지 : 데이터 엔지니어링
942,1,2021 바이트디그리 수료 쿠폰(초격차 패키지: 한 번에 끝내는 데이터분석 툴 전용 쿠폰)
943,1,2056 바이트디그리 수료 쿠폰(초격차 패키지: 한 번에 끝내는 데이터분석 툴 전용 쿠폰)
944,1,(예외적 재발급) 3월 1+1 수강권 이벤트
946,1,[7일 한정 쿠폰] 4인4색 이모티콘 2만원 할인 쿠폰(~2022.04.10)
947,1,[프로모션] 3월 1+1 수강권 이벤트
948,1,[규정외 재발급] [프로모션] 3월 1+1 수강권 이벤트
949,1,(예외적 재발급) [프로모션] 3월 1+1 수강권 이벤트
951,1,"[70,000 원 할인] 초격차 패키지 : 한 번에 끝내는 부동산 금융(PF) 실무 7만원 할인 쿠폰"
952,1,(예외 재발급) [프로모션] 3월 1+1 수강권 이벤트
953,1,[10%할인] 스프링러너의 스프링 아카데미: Spring Boot Essential: 스프링 부트로 구현하는 실전 멀티 모듈 프로젝트 10% 할인 쿠폰
955,1,[재결제쿠폰]초격차 패키지 : 한번에 끝내는 모션그래픽
956,1,2033 바이트디그리 수료 쿠폰(초격차 패키지: 한 번에 끝내는 데이터분석 툴 전용 쿠폰)
957,1,[규정외 재발급] [자유이용권] 강의 100% 할인 쿠폰 (3)
958,1,[편집하는여자의 영상편집 마스터클래스 - 제 3강] 강의 수강권
959,1,[15%할인 쿠폰] 한 번에 끝내는 컴퓨터비전 강의 런칭 기념 할인쿠폰
960,1,2046 바이트디그리 수료 쿠폰(초격차 패키지: 한 번에 끝내는 데이터분석 툴 전용 쿠폰)
961,1,[규정외 재결제] 초격차 패키지 : 한 번에 끝내는 빅데이터처리 with Spark&Hadoop
962,1,2039 바이트디그리 수료 쿠폰(초격차 패키지: 한 번에 끝내는 데이터분석 툴 전용 쿠폰)
963,1,2051 바이트디그리 수료 쿠폰(초격차 패키지: 한 번에 끝내는 데이터분석 툴 전용 쿠폰)
964,1,[무료수강권] 외주업체 마케팅 콘텐츠 제작용
965,1,[2만원 할인] 비즈니스 영어 초격차 런칭 기념 2만원 할인 쿠폰
966,1,아이패드 배송 지연 보상 온라인 100% 할인 쿠폰 (중복 3회 사용 가능)
967,1,"[재결제 쿠폰] 올인원 패키지 : M&A 기업가치평가 및 기술가치평가 실무_215,000원"
968,1,"[재결제 쿠폰] 올인원 패키지 : Financial Modeling_222,000원"
969,1,"[분할결제]초격차 패키지 : 한 번에 끝내는 Spring 완.전.판_36,000원"
970,1,"[분할결제]초격차 패키지 : 한 번에 끝내는 Spring 완.전.판_160,000원"
972,1,[WELCOME] 3월이니까? 3만원 할인!
973,1,[편집하는여자의 영상편집 마스터클래스 제 4강 애프터이펙트 베이직] 런칭 기념 3만원 할인 쿠폰(유효기간 ~2022/03/31)
974,1,iOS 앱 개발 바이블 초격차 패키지 20% 할인 쿠폰
975,1,김영삼 작가님의 [4인4색 노하우로 승인받는 나만의 첫 이모티콘] 3만 원 할인 쿠폰(유효기간 ~2022/03/31)
976,1,AWS/DevOps 초격차 오픈 지연 보상 쿠폰
977,1,[WELCOME] 3월이니까? The Red 3만원 할인!
978,1,iOS 앱 개발 바이블 초격차 패키지 50% 할인 쿠폰
979,1,EB 작가님의 [4인4색 노하우로 승인받는 나만의 첫 이모티콘] 3만 원 할인 쿠폰(유효기간 ~2022/03/31)
980,1,[재결제 재발급] 3월이니까? 3만원 할인!
981,1,[20%할인] 한번에 끝내는 부동산 금융(PF)실무 초격차 패키지 20% 할인 쿠폰
982,1,[분할결제1] 올인원 패키지 : 완전정복 시각디자인 기초
983,1,[분할결제2] 올인원 패키지 : 완전정복 시각디자인 기초
984,1,[재결제 재발급][WELCOME] 3월이니까? 3만원 할인!
985,1,[무료수강권] 박세익 전무에게 배우는 주식 시장 분석 & 포트폴리오 운용 전략
986,1,[3만원 할인쿠폰] 한 번에 끝내는 부동산 디벨로퍼의 모든 것 초격차 패키지 3만원 할인쿠폰
987,1,[바이트디그리] 바이트디그리 보상 쿠폰
989,1,[사과드립니다] AOP 35% 할인 쿠폰_애프터이펙트를 활용한 2D 모션그래픽 상세페이지 내 예시의 안내문구 누락으로 사과드립니다.
990,1,[1만원 할인쿠폰] 한 번에 끝내는 부동산 디벨로퍼의 모든 것 초격차 패키지 1만원 할인쿠폰
991,1,[재결제를 위한 재발급][WELCOME] 3월이니까? The Red 3만원 할인!
992,1,[설문참여 감사쿠폰] STAR741의 31가지 캐주얼 일러스트 채색&묘사 4만원 할인쿠폰
993,1,[시크릿 쿠폰] STAR741의 31가지 캐주얼 일러스트 채색&묘사 3만원 할인쿠폰
994,1,[STAR741] 팔로워 한정 3만원 할인쿠폰 (~22/03/28)
995,1,지렁이네 작가님의 [4인4색 노하우로 승인받는 나만의 첫 이모티콘] 3만 원 할인 쿠폰(유효기간 ~2022/03/31)
996,1,[70% 할인] THE RED : Figma로 끝내는 모바일 UXUI 디자인 프로젝트 할인 쿠폰
997,1,[재발급] [분할결제1]올인원 패키지 : Data Driven UX Design
998,1,[권오상의 금융 아카데미 - M&A 사례로 배우는 재무제표 영향] 10만원 할인 쿠폰
999,1,[자유이용권] 강의 100% 할인 쿠폰 (2)
1001,1,[분할결제2]올인원 패키지 : Data Driven UX Design
1002,1,[재결제]조MD의 스마트스토어 순수익으로 월급 뛰어넘기
1004,1,말랭스튜디오 작가님의 [4인4색 노하우로 승인받는 나만의 첫 이모티콘] 3만 원 할인 쿠폰(유효기간 ~2022/03/31)
1005,1,"초격차 패키지 : 퍼포먼스 마케팅, 데이터로 완전정복_강사 제공 쿠폰"
1006,1,[패스트캠퍼스X챗봇코리아] 서민준의 대형언어모델 강의 런칭! 커뮤니티 이벤트 10만원 할인 쿠폰(~3/18까지)
1007,1,[패스트캠퍼스X월간자연어처리] 서민준의 대형언어모델 강의 런칭! 커뮤니티 이벤트 10만원 할인 쿠폰(~3/18까지)
1008,1,"[재결제쿠폰]올인원 패키지 : GA4 탑재, 구글 애널리틱스 끝장내기"
1009,1,[무료 수강권] iOS 강의 후기 작성
1010,1,[시크릿 쿠폰] 4인4색 노하우로 승인받는 나만의 첫 이모티콘 런칭 기념 3만원 할인쿠폰
1011,1,이지웰 쿠폰_HR/인재경영(FAST MBA 2020)
1012,1,[패캠X스사모] 빅데이터처리 with Spark&Hadoop 무료수강쿠폰
1013,1,[프로모션] 2월 반값특가 이벤트
1015,1,EB 작가님의 [4인4색 노하우로 승인받는 나만의 첫 이모티콘] 3만 원 할인 쿠폰(유효기간 ~2022/03/16)
1016,1,연사 쿠폰 (해동)
1018,1,청년 마케터 15% 할인 쿠폰
1019,1,[3만원 할인] 편집하는여자의 영상편집 마스터클래스 제 4강 애프터이펙트 베이직 런칭 기념 할인 쿠폰
1020,1,지렁이네 작가님의 [4인4색 노하우로 승인받는 나만의 첫 이모티콘] 3만 원 할인 쿠폰(유효기간 ~2022/03/16)
1021,1,말랭스튜디오 작가님의 [4인4색 노하우로 승인받는 나만의 첫 이모티콘] 3만 원 할인 쿠폰(유효기간 ~2022/03/16)
1022,1,[재발급]AWS/DevOps 초격차 오픈 지연 보상 쿠폰
1023,1,이한길 강사님 : 강의 무료 수강권(fastcampus online)
1024,1,[규정외 재발급] AWS/DevOps 초격차 오픈 지연 보상 쿠폰
1025,1,설문조사 제출완료 리워드 : 온라인 강의 2만원 할인 쿠폰
1026,1,김영삼 작가님의 [4인4색 노하우로 승인받는 나만의 첫 이모티콘] 3만 원 할인 쿠폰(유효기간 ~2022/03/16)
1027,1,[규정외 재발급] [WELCOME] 3월이니까? 3만원 할인!
1028,1,[재결제쿠폰][WELCOME] 3월이니까? 3만원 할인!
1029,1,아이패드 패키지 배송 지연 리워드
1030,1,"[재결제 쿠폰] 올인원 패키지 : 김기현의 BERT, GPT-3를 활용한 자연어처리"
1032,1,"[분할결제쿠폰]올인원 패키지 : 박세익 전무에게 배우는 주식 시장 분석 & 포트폴리오 운용 전략_394,000원"
1033,1,[규정외 재발급][WELCOME] 3월이니까? 3만원 할인!
1034,1,[재결제쿠폰]초격차 패키지 : 한 번에 끝내는 데이터 분석
1035,1,"[분할결제쿠폰]올인원 패키지 : 박세익 전무에게 배우는 주식 시장 분석 & 포트폴리오 운용 전략_1,000원"
1037,1,[정호욱 웨비나] 데이터 사이언스 10% 할인 쿠폰
1038,1,[프로모션] 2월 1+1 수강권 이벤트
1039,1,[재결제쿠폰][프로모션] 2월 1+1 수강권 이벤트
1041,1,"[분할결제]코딩 왕초보를 위한 앱 만들기 풀 패키지_96,000원 결제건"
1042,1,청년 마케터 20% 할인 쿠폰
1043,1,[규정외 재발급] 패스트캠퍼스 1월 1+1 페이백
1044,1,[재결제쿠폰]초격차 패키지 : 한번에 끝내는 금융ㆍ투자(IB) 실무
1045,1,[쿠폰재발급][프로모션] 2월 1+1 수강권 이벤트
1050,1,[규정외 재발급] [프로모션] 2월 1+1 수강권 이벤트
1051,1,[20% 할인 쿠폰] Meta 연구원 문경식의 Human Pose Estimation
1052,1,[쿠폰예외재발급][프로모션] 2월 1+1 수강권 이벤트
1053,1,[WELCOME] 2월이니까 2만원 할인
1054,1,The RED 김용욱 20% 할인 쿠폰
1055,1,캐주얼 일러스트의 모든 것! IREN 강의 3만원 할인 쿠폰
1056,1,[권오상의 금융 아카데미 - M&A 사례로 배우는 재무제표 영향] 8만원 할인 쿠폰
1057,1,그림 실력을 올려줄 마법의 크로키 강의 20% 할인 쿠폰
1058,1,[친구랑 함께 듣는 반띵 이벤트] 무료 수강 쿠폰
1060,1,[정호욱 웨비나] 데이터 사이언스 50% 할인 쿠폰
1061,1,"[분할결제] 초격차 패키지 : 한 번에 끝내는 AWS 인프라 구축과 DevOps 운영_113,000원 결제"
1062,1,"[분할결제] 초격차 패키지 : 한 번에 끝내는 AWS 인프라 구축과 DevOps 운영_100,000원 결제"
1063,1,엘라스틱코리아X패스트캠퍼스 이벤트 정호욱 강의 10만원 할인 쿠폰
1064,1,[재발급][WELCOME] 2월이니까 2만원 할인/초격차 패키지 : 한번에 끝내는 재무세무회계재결제
1065,1,[권오상의 금융 아카데미 - M&A 사례로 배우는 재무제표 영향] 5만원 할인 쿠폰
1066,1,[카콜 작가] 팔로워 한정 20% 할인 (~22/02/28)
1067,1,[권오상의 금융 아카데미 - M&A 사례로 배우는 재무제표 영향] 10% 할인 쿠폰
1068,1,엘라스틱코리아X패스트캠퍼스 이벤트 정호욱 강의 무료 쿠폰
1070,1,[15% 할인 쿠폰] 한 번에 끝내는 빅데이터처리 with Spark&Hadoop
1072,1,[무료수강권] 주식 시장 분석 & 포트폴리오 운용 전략 무료 수강권
1073,1,실무용 캐주얼 일러스트 배우기! 3만원 할인 쿠폰
1074,1,[예외 재발급] 1월 1+1 수강권 이벤트 (~2월 23일까지)
1075,1,[무료 수강 쿠폰] 초격차 패키지 : 한 번에 끝내는 빅데이터처리 with Spark&Hadoop
1076,1,[규정외 재발급] [WELCOME] 2월이니까 2만원 할인
1077,1,[무료 수강 쿠폰] 	초격차 패키지 : 한 번에 끝내는 빅데이터처리 with Spark&Hadoop
1078,1,[재결제쿠폰][권오상의 금융 아카데미 - M&A 사례로 배우는 재무제표 영향] 10만원 할인 쿠폰
1079,1,[수강생 리워드] 완주를 축하합니다! / 올인원패키지 : 알고리즘 기술 면접 완전 정복 100% 할인 쿠폰
1080,1,[IREN] 팔로워 한정 3만원 할인쿠폰 (~22/02/28)
1081,1,온라인 단과 강의 할인
1083,1,(축)패캠 X 엘라스틱코리아 이벤트 3탄 당첨!
1084,1,[3만원할인쿠폰] 초격차 패키지 : 30개 프로젝트로 배우는 Android 앱 개발 with Kotlin
1086,1,[재결제쿠폰]초격차패키지 : 한번에 끝내는 재무세무회계	
1087,1,[3만원할인쿠폰] 올인원 패키지 : 배곡파 작가의 웹소설 남자 캐릭터 일러스트
1088,1,"[분할결제]The RED: 이희창_240,000원 결제"
1089,1,"[분할결제]The RED: 이희창_1,000원 결제	"
1090,1,[재결제쿠폰]올인원 패키지 : 노잼봇과 함께 배우는 파이썬 유치원
1096,1,[마케팅 취업 패키지] 70% 할인 쿠폰
1097,1,[ILM 리드 모델러와 만드는 판타지 캐릭터] 특별 할인쿠폰
1098,1,[프로모션] 1월 1+1 수강권 이벤트
1099,1,[예외 발급] [프로모션] 1월 1+1 수강권 이벤트
1100,1,[규정외 재발급] 1월 1+1 수강권 이벤트
1101,1,[할인쿠폰] 패스트캠퍼스 부동산/금융 카테고리 내 강의 50% 할인_권오상의 금융 아카데미 설문 참여
1102,1,패캠X엘코 이벤트 2탄! 10만원 할인 쿠폰!
1103,1,바이트디그리 보상 쿠폰
1104,1,[규정외 재발급][프로모션] 1월 1+1 수강권 이벤트
1105,1,프로그래밍 강의 3만원 할인 쿠폰
1106,1,패캠X엘코 이벤트 2탄! 무료 당첨 쿠폰!
1109,1,[한번에 끝내는 UX/UI 디자인 초격차 패키지 30% 할인 쿠폰]
1110,1,디자인 카테고리 100% 할인 쿠폰
1111,1,[프로모션] 1월 1+1 수강권 이벤트(재발급)
1112,1,[마케팅 취업 패키지] 2만원 할인 쿠폰
1114,1,스타트업 투자유치&벤처 투자 올인원 패키지 무료 구매 쿠폰
1115,1,[재결제쿠폰]올인원 패키지 : 김왼손의 파이썬 업무자동화 유치원
1116,1,[재결제쿠폰]코꼬마를 위한 코딩유치원
1117,1,[패스트캠퍼스] 올인원 
1118,1,[패스트캠퍼스] 레드
1119,1,[WELCOME] 처음이라면 누구나 데이터사이언스 5만원 할인
1120,1,[WELCOME] 처음이라면 누구나 프로그래밍 5만원 할인
1121,1,[WELCOME] 처음이라면 누구나 The Red 5만원 할인
1122,1,[WELCOME] 처음이라면 누구나 업무생산성 5만원 할인
1123,1,[WELCOME] 처음이라면 누구나 디자인 5만원 할인
1124,1,페이백 예외환불 복구쿠폰
1125,1,[N잡스] 편집여 아카데미 제3강 3만원 할인 쿠폰
1126,1,[WELCOME] 처음이라면 누구나 영상/3D 5만원 할인
1127,1,[WELCOME] 처음이라면 누구나 부동산/금융 5만원 할인
1128,1,[다니엘정PM101] 런칭 기념 5만원 할인 쿠폰
1129,1,[WELCOME] 처음이라면 누구나 투자/재테크 5만원 할인
1130,1,[N잡스] 주식 초격차 강의 5만원 할인 쿠폰
1131,1,원리를 이해하는 Spring MVC/Spring Boot 실전 활용 가이드 40% 할인 쿠폰
1132,1,초격차 패키지 : Kubernetes와 Docker로 한 번에 끝내는 컨테이너 기반 MSA 20% 할인 쿠폰
1133,1,클론디자인 UXUI 30% 할인쿠폰
1134,1,[WELCOME] 처음이라면 누구나 마케팅 5만원 할인
1135,1,[N잡스] 유튜브 크리에이터 초격차 강의 3만원 할인 쿠폰
1136,1,[N잡스] 영상 초격차 강의 3만원 할인 쿠폰
1137,1,구글 디자이너의 디자인 시장 생존전략 20% 할인쿠폰
1138,1,[작가 성립] 팔로워 한정 할인 쿠폰 (~22/01/31)
1139,1,블리자드 게임 일러스트 20% 할인쿠폰
1140,1,[N잡스] 액세서리 스마트스토어 강의 3만원 할인 쿠폰
1141,1,[WELCOME] 처음이라면 누구나 부업/창업 5만원 할인
1142,1,[N잡스] 조MD 스마트스토어 강의 3만원 할인 쿠폰
1143,1,[N잡스] 애널리스트 주식 강의 5만원 할인 쿠폰
1144,1,프로그래밍 온라인 강의 20% 할인쿠폰
1145,1,30개 프로젝트로 배우는 프론트엔드 웹 개발 (with React) 15% 할인 쿠폰
1146,1,원리를 이해하는 Spring MVC/Spring Boot 실전 활용 가이드 20% 할인 쿠폰
1147,1,엑셀유치원 15000원 할인쿠폰
1148,1,[N잡스] 편집여 아카데미 제1강 3만원 할인 쿠폰
1149,1,[N잡스] 박세익 주식 강의 5만원 할인 쿠폰
1150,1,[새해맞이] 아이패드 일상과 여행 드로잉 3만원 할인 쿠폰 (~22/01/31)
1151,1,[N잡스] 편집여 아카데미 제2강 3만원 할인 쿠폰
1152,1,[분할결제1]초격차 패키지 : 한 번에 끝내는 엑셀 실무
1153,1,"[시크릿 쿠폰] 쟈니브로스에게 배우는 영상 완성의 3단계 : 편집, 색보정, CG효과 런칭 기념 2만원 할인쿠폰"
1154,1,[데이터 사이언스행 설국열차] 15% 할인 탑승권
1155,1,[새해맞이] 아이패드 인물 드로잉 3만원 할인 쿠폰 (~22/01/31)
1156,1,권준형 강사님 : 강의 무료 수강권(fastcampus online)
1157,1,성립의 아이패드 드로잉 3만원 할인 쿠폰
1158,1,블리자드 게임 일러스트 강의 20% 할인쿠폰
1159,1,[쿠폰재발급]올인원 패키지 : 세계 3등에게 배우는 실무 밀착 데이터 시각화
1160,1,"[분할결제]The RED : Youtube 알고리즘 개발자 이준석의 추천시스템 마스터 클래스_559,000원 결제"
1161,1,"[분할결제]The RED : Youtube 알고리즘 개발자 이준석의 추천시스템 마스터 클래스_170,000원 결제"
1162,1,[예외 재발급] [WELCOME] 처음이라면 누구나 데이터사이언스 5만원 할인
1163,1,[검색 광고 최적화] 50% 할인 쿠폰
1164,1,검색엔진 구축을 위한 Elastic Search 마스터 클래스 10만원 할인 쿠폰
1165,1,[시크릿 쿠폰] 히어로부터 크리쳐까지 : 어벤져스 모델러의 Zbrush 모델링 런칭 기념 20% 할인쿠폰
1166,1,[100%할인쿠폰]모두를 위한 앱 개발 : Android 앱 개발의 정석 with Kotlin
1167,1,[테스트쿠폰] 실서비스 테스트 쿠폰 발급_QA파트
1168,1,[새해맞이] 아이패드 수채화 소녀 드로잉 3만원 할인 쿠폰 (~22/01/31)
1169,1,"[쿠폰] 디자인 강의 30,000원 할인쿠폰"
1170,1,★1/21 딱 하루만!★ 온라인 강의 40% 깜짝 할인 쿠폰
1172,1,[JAN2022] 2일연장 온라인 강의 2만원 즉시 추가 할인 쿠폰 (1/22~23)
1173,1,[스프링 우수수강생을 응원해] 비즈니스 성공을 위한 Java/Spring 기반 서비스 개발과 MSA 구축 by 이희창 5만원 쿠폰
1174,1,[데이터분석 우수수강생을 응원해] 데이터 사이언티스트가 회사를 움직이는 법 by 하용호 5만원 쿠폰
1176,1,[마케팅 우수수강생을 응원해] RED 지브리 제작국장 클래스 5만 원 할인 쿠폰
1177,1,[앱개발 우수수강생을 응원해] 슈퍼앱 운영을 위한 확장성 높은 앱 아키텍처 구축 by 노수진 5만원 쿠폰
1178,1,[프론트엔드 우수수강생을 응원해] React와 Redux로 구현하는 아키텍처와 리스크 관리 by 김민태 5만원 쿠폰
1179,1,[N잡스] 전선생 스마트스토어 강의 3만원 할인 쿠폰
1180,1,[JAN22] 온라인 강의 2만원 즉시 추가 할인 쿠폰
1181,1,[NV22] 1월 23일까지만 사용 가능한 'FC NAVI' 깜짝 할인 쿠폰
1182,1,유니티 캠퍼스 부천영화제 특별 무료쿠폰
1184,1,[무료수강권]데이터 분석 유치원
1188,1,[분할결제]초격차 패키지 : 게임 캐릭터 모델링의 모든 것_2
1190,1,[시크릿 쿠폰] 옥테인으로 만드는 뉴디멘션: Vectron 프랙탈 아트웍 런칭 기념 3만원 할인쿠폰
1193,1,[예외적발급][프로모션] 12월 1+1 수강권 이벤트
1194,1,[분할결제]초격차 패키지 : 게임 캐릭터 모델링의 모든 것
1195,1,[무료수강권] 조MD의 스마트스토어 순수익으로 월급 뛰어넘기
1196,1,[재결제를위한 재발급][WELCOME] 처음이라면 누구나 프로그래밍 5만원 할인
1197,1,[할인쿠폰] The RED 만족도조사_프로그래밍 카테고리 10% 할인쿠폰
1198,1,[쿠폰재발급][WELCOME] 처음이라면 누구나 영상/3D 5만원 할인
1199,1,[쿠폰재발급][WELCOME] 처음이라면 누구나 마케팅 5만원 할인
1201,1,[쿠폰재발급][프로모션] 12월 1+1 수강권 이벤트
1202,1,테세락의 [옥테인으로 만드는 뉴디멘션: Vectron 프랙탈 아트웍] 런칭 기념 2만 원 할인 쿠폰 (유효기간 ~2022/01/31)
1203,1,페이스북&구글 광고 스파르타 교육 1기 관련 강의 쿠폰
1205,1,[프로모션] 12월 1+1 수강권 이벤트
1206,1,런칭 15% 할인 쿠폰
1207,1,"강필성의 머신러닝&딥러닝 강의 15,000원 할인 쿠폰"
1208,1,[시크릿 쿠폰] 양민영의 애프터 이펙트 2D 모션그래픽 런칭 기념 2만원 할인쿠폰
1209,1,[재결제쿠폰]올인원 패키지 : 15명의 전문 애널리스트에게 배우는 산업&매크로 분석과 투자 전략
1210,1,이제너두_직장인을 위한 파이썬 데이터 분석
1212,1,[규정외 재발급] [WELCOME] 처음이라면 누구나 영상/3D 5만원 할인
1213,1,"[분할결제]올인원 패키지 : 직장인을 위한 파이썬 데이터분석_37,000원 결제"
1214,1,"[분할결제]올인원 패키지 : 직장인을 위한 파이썬 데이터분석_99,000원 결제"
1215,1,[NEW22] 온라인 강의 1만원 즉시 추가 할인 쿠폰
1217,1,[쿠폰기간연장][WELCOME] 처음이라면 누구나 The Red 5만원 할인
1218,1, [WELCOME] 처음이라면 누구나 업무생산성 5만원 할인
1219,1,[RED22] THE RED 강의 한정 3만원 즉시 추가 할인 쿠폰
1220,1,[쿠폰재발급_2][N잡스] 주식 초격차 강의 5만원 할인 쿠폰_재결제
1221,1,[쿠폰재발급][N잡스] 주식 초격차 강의 5만원 할인 쿠폰_재결제
1222,1,[재결제 쿠폰] 올인원 패키지 : 다빈치리졸브로 배우는 영상 색 보정 A to Z_계정이관용
1224,1,[단체구매: 엠티오메가] 초격차 패키지 : 한 번에 끝내는 딥러닝/인공지능 무료수강권
1226,1,[WELCOME] 패캠은 처음이지? 3만원 할인쿠폰
